edge_id,subject_id,subject_label,subject_type,relation_type,object_id,object_label,object_type,support_annotation_ids,source_passage_ids,support_types,evidence_snippets,review_layer,fortitude_parts_cluster,fortitude_closure_focus
edge.concept.ambition.concerns_honor.concept.honor_recognition,concept.ambition,Ambition,vice,concerns_honor,concept.honor_recognition,Honor as Recognition,domain,"['ann.concept-ambition-concerns-honor-concept-honor-recognition-st-ii-ii-q131-a001-resp', 'ann.concept-ambition-concerns-honor-concept-honor-recognition-st-ii-ii-q131-a002-resp']","['st.ii-ii.q131.a001.resp', 'st.ii-ii.q131.a002.resp']",['explicit_textual'],"['an ought so far to be pleased that others bear witness to his excellence, as this enables him to profit others. Now the desire of honor may be inordinate in three ways. First, when a man desires recognition of an excellence which he has not: this is to desire more than his share of honor . Seco', 'As stated above ( Article 1 ), ambition signifies inordinate love of honor . Now magnanimity is about honors and makes use of them in a becoming manner. Wherefore it is evident that ambition is opposed to magnanimity as the inordinate']",reviewed_doctrinal,honor_worthiness,
edge.concept.ambition.directed_to.concept.honor_recognition,concept.ambition,Ambition,vice,directed_to,concept.honor_recognition,Honor as Recognition,domain,"['ann.concept-ambition-directed-to-concept-honor-recognition-st-ii-ii-q131-a001-resp', 'ann.concept-ambition-directed-to-concept-honor-recognition-st-ii-ii-q131-a002-resp']","['st.ii-ii.q131.a001.resp', 'st.ii-ii.q131.a002.resp']",['explicit_textual'],"['an ought so far to be pleased that others bear witness to his excellence, as this enables him to profit others. Now the desire of honor may be inordinate in three ways. First, when a man desires recognition of an excellence which he has not: this is to desire more than his share of honor . Seco', 'As stated above ( Article 1 ), ambition signifies inordinate love of honor . Now magnanimity is about honors and makes use of them in a becoming manner. Wherefore it is evident that ambition is opposed to magnanimity as the inordinate']",reviewed_doctrinal,honor_worthiness,
edge.concept.ambition.excess_opposed_to.concept.magnanimity,concept.ambition,Ambition,vice,excess_opposed_to,concept.magnanimity,Magnanimity,virtue,['ann.concept-ambition-excess-opposed-to-concept-magnanimity-st-ii-ii-q131-a002-resp'],['st.ii-ii.q131.a002.resp'],['strong_textual_inference'],['ove of honor . Now magnanimity is about honors and makes use of them in a becoming manner. Wherefore it is evident that ambition is opposed to magnanimity as the inordinate to that which is well ordered.'],reviewed_doctrinal,honor_worthiness,
edge.concept.ambition.species_of.concept.sin,concept.ambition,Ambition,vice,species_of,concept.sin,Sin,sin_type,['ann.concept-ambition-species-of-concept-sin-st-ii-ii-q131-a001-resp'],['st.ii-ii.q131.a001.resp'],['explicit_textual'],"[""to God . Thirdly, when a man's appetite rests in honor itself, without referring it to the profit of others. Since then ambition denotes inordinate desire of honor , it is evident that it is always a sin .""]",reviewed_doctrinal,honor_worthiness,
edge.concept.fortitude.has_act.concept.security_assurance,concept.fortitude,Fortitude,virtue,has_act,concept.security_assurance,Security / Assurance,act_type,['ann.concept-fortitude-has-act-concept-security-assurance-st-ii-ii-q129-a007-resp'],['st.ii-ii.q129.a007.resp'],['explicit_textual'],"['ngs to magnanimity, so fear directly regards fortitude . Wherefore as confidence belongs immediately to magnanimity, so security belongs immediately to fortitude . It must be observed, however, that as hope is the cause of daring, so is fear the cause of despair , as stated above when we were treating of the passion ( I']",reviewed_doctrinal,honor_worthiness,
edge.concept.glory.caused_by.concept.honor_recognition,concept.glory,Glory,domain,caused_by,concept.honor_recognition,Honor as Recognition,domain,['ann.concept-glory-caused-by-concept-honor-recognition-st-ii-ii-q132-a002-resp'],['st.ii-ii.q132.a002.resp'],['explicit_textual'],"['As stated above ( II-II:103:1 ad 3 ), glory is an effect of honor and praise: because from the fact that a man is praised, or shown any kind of reverence, he acquires charity in the knowledge of others. And since magnanimity']",reviewed_doctrinal,honor_worthiness,
edge.concept.magnanimity.concerns_honor.concept.honor_recognition,concept.magnanimity,Magnanimity,virtue,concerns_honor,concept.honor_recognition,Honor as Recognition,domain,"['ann.concept-magnanimity-concerns-honor-concept-honor-recognition-st-ii-ii-q129-a001-resp', 'ann.concept-magnanimity-concerns-honor-concept-honor-recognition-st-ii-ii-q129-a002-resp', 'ann.concept-magnanimity-concerns-honor-concept-honor-recognition-st-ii-ii-q129-a004-resp', 'ann.concept-magnanimity-concerns-honor-concept-honor-recognition-st-ii-ii-q129-a008-resp']","['st.ii-ii.q129.a001.resp', 'st.ii-ii.q129.a002.resp', 'st.ii-ii.q129.a004.resp', 'st.ii-ii.q129.a008.resp']",['explicit_textual'],"['and simply, just as a man is said to be brave in respect of things that are difficult simply. It follows therefore that magnanimity is about honors.', 'ometimes for not caring about it, in so far, to wit, as both these things may be done in moderation. But with regard to great honors there is ""magnanimity."" Wherefore we must conclude that the proper matter of magnanimity is great honor , and that a magnanimous man tends to such things as ar', 'ode of reason in a determinate matter . Now magnanimity establishes the mode of reason in a determinate matter , namely honors, as stated above ( 1 and 2 ): and honor , considered in itself, is a special good , and accordingly magnanimity considered in itself is a special virtue . Sinc', 'As stated above ( Article 1 ), magnanimity regards two things: honor as its matter , and the accomplishment of something great as its end. Now goods of fortune conduce to both these things. For since honor is conferred on the virtuous , not o']",reviewed_doctrinal,honor_worthiness,
edge.concept.magnanimity.concerns_worthiness.concept.worthiness,concept.magnanimity,Magnanimity,virtue,concerns_worthiness,concept.worthiness,Worthiness,doctrine,['ann.concept-magnanimity-concerns-worthiness-concept-worthiness-st-ii-ii-q133-a002-resp'],['st.ii-ii.q133.a002.resp'],['strong_textual_inference'],"[""ly deems to exceed one's ability. Thirdly, it may be considered in reference to its effect, which is to shrink from the great things of which one is worthy. But, as stated above ( II-II:132:2 ad 3 ), opposition between vice and virtue depends rather on their respective species than on their cause or effect. Hence""]",reviewed_doctrinal,honor_worthiness,
edge.concept.magnanimity.has_act.concept.confidence,concept.magnanimity,Magnanimity,virtue,has_act,concept.confidence,Confidence,act_type,['ann.concept-magnanimity-has-act-concept-confidence-st-ii-ii-q129-a006-resp'],['st.ii-ii.q129.a006.resp'],['explicit_textual'],"['pe arising from some observation which gives one a strong opinion that one will obtain a certain good , it follows that confidence belongs to magnanimity.']",reviewed_doctrinal,honor_worthiness,
edge.concept.magnanimity.related_to_fortitude.concept.fortitude,concept.magnanimity,Magnanimity,virtue,related_to_fortitude,concept.fortitude,Fortitude,virtue,['ann.concept-magnanimity-related-to-fortitude-concept-fortitude-st-ii-ii-q129-a005-resp'],['st.ii-ii.q129.a005.resp'],['explicit_textual'],"['ter ; but it falls short thereof, in that it confirms the mind about a matter wherein it is easier to stand firm. Hence magnanimity is reckoned a part of fortitude , because it is annexed thereto as secondary to principal.']",reviewed_doctrinal,honor_worthiness,
edge.concept.magnanimity.species_of.concept.virtue,concept.magnanimity,Magnanimity,virtue,species_of,concept.virtue,Virtue,virtue,"['ann.concept-magnanimity-species-of-concept-virtue-st-ii-ii-q129-a003-resp', 'ann.concept-magnanimity-species-of-concept-virtue-st-ii-ii-q129-a004-resp']","['st.ii-ii.q129.a003.resp', 'st.ii-ii.q129.a004.resp']","['explicit_textual', 'strong_textual_inference']","['al human things honors take precedence of all others, as stated above ( Article 1 ; I-II:11:2, Objection 3 ). Therefore magnanimity, which observes the mode of reason in great honors, is a virtue .', 'As stated above ( II-II:123:2 ), it belongs to a special virtue to establish the mode of reason in a determinate matter . Now magnanimity establishes the mode of reason in a determinate matter , namely honors, as stated abo']",reviewed_doctrinal,honor_worthiness,
edge.concept.magnificence.concerns_great_expenditure.concept.great_expenditure,concept.magnificence,Magnificence,virtue,concerns_great_expenditure,concept.great_expenditure,Great Expenditure,domain,"['ann.concept-magnificence-concerns-great-expenditure-concept-great-expenditure-st-ii-ii-q134-a003-resp', 'ann.concept-magnificence-concerns-great-expenditure-concept-great-expenditure-st-ii-ii-q135-a001-resp', 'ann.concept-magnificence-concerns-great-expenditure-concept-great-expenditure-st-ii-ii-q135-a002-resp']","['st.ii-ii.q134.a003.resp', 'st.ii-ii.q135.a001.resp', 'st.ii-ii.q135.a002.resp']",['explicit_textual'],"['Now for the doing of a great work, proportionate expenditure is necessary , for great works cannot be produced without great expenditure. Hence it belongs to magnificence to spend much in order that some great work may be accomplished in becoming manner. Wherefore the Philosopher says (Ethic. iv', 'expense. Accordingly the magnificent man intends principally the greatness of his work, and secondarily he intends the greatness of the expense, which he does not shirk, so that he may produce a great work. Wherefore the Philosopher says (Ethic. iv, 4) that ""the magnificent man with equal expenditure w', 'diture may be little in comparison with the work, so may it be great in comparison with the work in that it exceeds the proportion which reason requires to exist between expenditure and work. Hence it is manifest that the vice of meanness, whereby a man intends to spend less than his work is worth, and thus fai']",reviewed_doctrinal,expenditure_work,
edge.concept.magnificence.concerns_great_work.concept.great_work,concept.magnificence,Magnificence,virtue,concerns_great_work,concept.great_work,Great Work,object,"['ann.concept-magnificence-concerns-great-work-concept-great-work-st-ii-ii-q134-a002-resp', 'ann.concept-magnificence-concerns-great-work-concept-great-work-st-ii-ii-q134-a003-resp', 'ann.concept-magnificence-concerns-great-work-concept-great-work-st-ii-ii-q134-a004-resp', 'ann.concept-magnificence-concerns-great-work-concept-great-work-st-ii-ii-q135-a001-resp', 'ann.concept-magnificence-concerns-great-work-concept-great-work-st-ii-ii-q135-a002-resp']","['st.ii-ii.q134.a002.resp', 'st.ii-ii.q134.a003.resp', 'st.ii-ii.q134.a004.resp', 'st.ii-ii.q135.a001.resp', 'st.ii-ii.q135.a002.resp']","['explicit_textual', 'strong_textual_inference']","['as to burn or cut, or remain in the agent, as to understand or will. Accordingly if magnificence be taken to denote the doing of something great, the doing [factio] being understood in the strict sense, it is then a special virtue . For the work done is produced by act: in the use of which it is possibl', 'As stated above ( Article 2 ), it belongs to magnificence to intend doing some great work. Now for the doing of a great work, proportionate expenditure is necessary , for great works cannot be produced without great expenditure. Hence it belongs to', ""the arduous thing to which fortitude tends derives its difficulty from a danger that threatens the person , whereas the arduous thing to which magnificence tends, derives its difficulty from the dispossession of one's property, which is of much less account than danger to one's person . Wherefore magnificence is account"", 'great in two ways: in one way as regards the work itself to be done, in another as regards the expense. Accordingly the magnificent man intends principally the greatness of his work, and secondarily he intends the greatness of the expense, which he does not shirk, so that he may produce a great work. Wherefore the Philosopher says (Ethic.', 'ttle. Also little and great are relative terms, as stated above ( Article 1 ). Now just as expenditure may be little in comparison with the work, so may it be great in comparison with the work in that it exceeds the proportion which reason requires to exist between expenditure and work. Hence it is mani']",reviewed_doctrinal,expenditure_work,
edge.concept.magnificence.related_to_fortitude.concept.fortitude,concept.magnificence,Magnificence,virtue,related_to_fortitude,concept.fortitude,Fortitude,virtue,['ann.concept-magnificence-related-to-fortitude-concept-fortitude-st-ii-ii-q134-a004-resp'],['st.ii-ii.q134.a004.resp'],['explicit_textual'],"[""ficulty from the dispossession of one's property, which is of much less account than danger to one's person . Wherefore magnificence is accounted a part of fortitude .""]",reviewed_doctrinal,expenditure_work,
edge.concept.magnificence.species_of.concept.virtue,concept.magnificence,Magnificence,virtue,species_of,concept.virtue,Virtue,virtue,"['ann.concept-magnificence-species-of-concept-virtue-st-ii-ii-q134-a001-resp', 'ann.concept-magnificence-species-of-concept-virtue-st-ii-ii-q134-a002-resp']","['st.ii-ii.q134.a001.resp', 'st.ii-ii.q134.a002.resp']","['explicit_textual', 'strong_textual_inference']","['refore to do something great, whence magnificence takes its name, belongs properly to the very notion of virtue . Hence magnificence denotes a virtue .', 'be taken to denote the doing of something great, the doing [factio] being understood in the strict sense, it is then a special virtue . For the work done is produced by act: in the use of which it is possible to consider a special aspect of goodness , namely that the work produced [factum] by']",reviewed_doctrinal,expenditure_work,
edge.concept.meanness_magnificence.concerns_great_expenditure.concept.great_expenditure,concept.meanness_magnificence,Meanness,vice,concerns_great_expenditure,concept.great_expenditure,Great Expenditure,domain,"['ann.concept-meanness-magnificence-concerns-great-expenditure-concept-great-expenditure-st-ii-ii-q135-a001-resp', 'ann.concept-meanness-magnificence-concerns-great-expenditure-concept-great-expenditure-st-ii-ii-q135-a002-resp']","['st.ii-ii.q135.a001.resp', 'st.ii-ii.q135.a002.resp']",['explicit_textual'],"['e mean man intends principally to spend little, wherefore the Philosopher says (Ethic. iv, 2) that ""he seeks how he may spend least."" As a result of this he intends to produce a little work, that is, he does not shrink from producing a little work, so long as he spends little. Wherefore the', 'equires to exist between expenditure and work. Hence it is manifest that the vice of meanness, whereby a man intends to spend less than his work is worth, and thus fails to observe due proportion between his expenditure and his work, has a vice opposed to it, whereby a man exceeds this same proportion, by spendi']",reviewed_doctrinal,expenditure_work,
edge.concept.meanness_magnificence.concerns_great_work.concept.great_work,concept.meanness_magnificence,Meanness,vice,concerns_great_work,concept.great_work,Great Work,object,"['ann.concept-meanness-magnificence-concerns-great-work-concept-great-work-st-ii-ii-q135-a001-resp', 'ann.concept-meanness-magnificence-concerns-great-work-concept-great-work-st-ii-ii-q135-a002-resp']","['st.ii-ii.q135.a001.resp', 'st.ii-ii.q135.a002.resp']",['explicit_textual'],"['the Philosopher says (Ethic. iv, 2) that ""he seeks how he may spend least."" As a result of this he intends to produce a little work, that is, he does not shrink from producing a little work, so long as he spends little. Wherefore the Philosopher says that ""the mean man after going to great', 'ttle. Also little and great are relative terms, as stated above ( Article 1 ). Now just as expenditure may be little in comparison with the work, so may it be great in comparison with the work in that it exceeds the proportion which reason requires to exist between expenditure and work. Hence it is mani']",reviewed_doctrinal,expenditure_work,
edge.concept.meanness_magnificence.deficiency_opposed_to.concept.magnificence,concept.meanness_magnificence,Meanness,vice,deficiency_opposed_to,concept.magnificence,Magnificence,virtue,"['ann.concept-meanness-magnificence-deficiency-opposed-to-concept-magnificence-st-ii-ii-q135-a001-resp', 'ann.concept-meanness-magnificence-deficiency-opposed-to-concept-magnificence-st-ii-ii-q135-a002-resp']","['st.ii-ii.q135.a001.resp', 'st.ii-ii.q135.a002.resp']",['strong_textual_inference'],"['e mean man intends principally to spend little, wherefore the Philosopher says (Ethic. iv, 2) that ""he seeks how he may spend least."" As a result of this he intends to produce a little work, that is, he does not shrink from producing a little work, so long as he spends little. Wherefore the', 'equires to exist between expenditure and work. Hence it is manifest that the vice of meanness, whereby a man intends to spend less than his work is worth, and thus fails to observe due proportion between his expenditure and his work, has a vice opposed to it, whereby a man exceeds this same proportion, by spendi']",reviewed_doctrinal,expenditure_work,
edge.concept.meanness_magnificence.species_of.concept.vice,concept.meanness_magnificence,Meanness,vice,species_of,concept.vice,Vice,vice,['ann.concept-meanness-magnificence-species-of-concept-vice-st-ii-ii-q135-a001-resp'],['st.ii-ii.q135.a001.resp'],['explicit_textual'],['w the essence of vice is that it consists in failing to do what is in accordance with reason. Hence it is manifest that meanness is a vice .'],reviewed_doctrinal,expenditure_work,
edge.concept.presumption_magnanimity.excess_opposed_to.concept.magnanimity,concept.presumption_magnanimity,Presumption (Against Magnanimity),vice,excess_opposed_to,concept.magnanimity,Magnanimity,virtue,['ann.concept-presumption-magnanimity-excess-opposed-to-concept-magnanimity-st-ii-ii-q130-a002-resp'],['st.ii-ii.q130.a002.resp'],['explicit_textual'],"['e does exceed in proportion to his own ability, whereas the magnanimous man does not exceed his. It is in this way that presumption is opposed to magnanimity by excess.']",reviewed_doctrinal,honor_worthiness,
edge.concept.presumption_magnanimity.species_of.concept.sin,concept.presumption_magnanimity,Presumption (Against Magnanimity),vice,species_of,concept.sin,Sin,sin_type,['ann.concept-presumption-magnanimity-species-of-concept-sin-st-ii-ii-q130-a001-resp'],['st.ii-ii.q130.a001.resp'],['explicit_textual'],"['what is above his power: and this is what is meant by presumption, as its very name shows. Wherefore it is evident that presumption is a sin .']",reviewed_doctrinal,honor_worthiness,
edge.concept.pusillanimity.concerns_worthiness.concept.worthiness,concept.pusillanimity,Pusillanimity,vice,concerns_worthiness,concept.worthiness,Worthiness,doctrine,['ann.concept-pusillanimity-concerns-worthiness-concept-worthiness-st-ii-ii-q133-a002-resp'],['st.ii-ii.q133.a002.resp'],['explicit_textual'],"[""ly deems to exceed one's ability. Thirdly, it may be considered in reference to its effect, which is to shrink from the great things of which one is worthy. But, as stated above ( II-II:132:2 ad 3 ), opposition between vice and virtue depends rather on their respective species than on their cause or effect. Hence""]",reviewed_doctrinal,honor_worthiness,
edge.concept.pusillanimity.deficiency_opposed_to.concept.magnanimity,concept.pusillanimity,Pusillanimity,vice,deficiency_opposed_to,concept.magnanimity,Magnanimity,virtue,"['ann.concept-pusillanimity-deficiency-opposed-to-concept-magnanimity-st-ii-ii-q133-a001-resp', 'ann.concept-pusillanimity-deficiency-opposed-to-concept-magnanimity-st-ii-ii-q133-a002-resp']","['st.ii-ii.q133.a001.resp', 'st.ii-ii.q133.a002.resp']",['strong_textual_inference'],"['makes a man exceed what is proportionate to his power, by striving to do more than he can, so pusillanimity makes a man fall short of what is proportionate to his power, by refusing to tend to that which is commensurate thereto. Wherefore as presumption is a sin , so is pusillanimity. Hence it is that the servant who buried in', 'Pusillanimity may be considered in three ways. First, in itself; and thus it is evident that by its very nature it is opposed to magnanimity, from which it differs as great']",reviewed_doctrinal,honor_worthiness,
edge.concept.pusillanimity.species_of.concept.sin,concept.pusillanimity,Pusillanimity,vice,species_of,concept.sin,Sin,sin_type,['ann.concept-pusillanimity-species-of-concept-sin-st-ii-ii-q133-a001-resp'],['st.ii-ii.q133.a001.resp'],['explicit_textual'],"['portionate to his power, by refusing to tend to that which is commensurate thereto. Wherefore as presumption is a sin , so is pusillanimity. Hence it is that the servant who buried in the earth the money he had received from his master, and did not trade with it through fainthearted fear, was punis']",reviewed_doctrinal,honor_worthiness,
edge.concept.vainglory.concerns_honor.concept.honor_recognition,concept.vainglory,Vainglory,vice,concerns_honor,concept.honor_recognition,Honor as Recognition,domain,['ann.concept-vainglory-concerns-honor-concept-honor-recognition-st-ii-ii-q132-a002-resp'],['st.ii-ii.q132.a002.resp'],['strong_textual_inference'],"['As stated above ( II-II:103:1 ad 3 ), glory is an effect of honor and praise: because from the fact that a man is praised, or shown any kind of reverence, he acquires charity in the knowledge of others. And since magnanimity']",reviewed_doctrinal,honor_worthiness,
edge.concept.vainglory.directed_to.concept.glory,concept.vainglory,Vainglory,vice,directed_to,concept.glory,Glory,domain,"['ann.concept-vainglory-directed-to-concept-glory-st-ii-ii-q132-a001-resp', 'ann.concept-vainglory-directed-to-concept-glory-st-ii-ii-q132-a002-resp', 'ann.concept-vainglory-directed-to-concept-glory-st-ii-ii-q132-a004-resp', 'ann.concept-vainglory-directed-to-concept-glory-st-ii-ii-q132-a005-resp']","['st.ii-ii.q132.a001.resp', 'st.ii-ii.q132.a002.resp', 'st.ii-ii.q132.a004.resp', 'st.ii-ii.q132.a005.resp']","['explicit_textual', 'strong_textual_inference']","['our light shine before men."" Hence the desire for glory does not, of itself, denote a sin : but the desire for empty or vain glory denotes a sin : for it is sinful to desire anything vain, according to Psalm 4:3 , ""Why do you love vanity, and seek after lying?"" Now glory may be called vain', 'it also is about glory : seeing that as a man uses honor moderately, so too does he use glory in moderation. Wherefore inordinate desire of glory is directly opposed to magnanimity.', ""cial sources of vice , known as the capital vices . Now among the goods that are the means whereby man acquires honor , glory seems to be the most conducive to that effect, inasmuch as it denotes the manifestation of a man's goodness : since good is naturally loved and honored by all. Wherefore, just as by the glor"", ""y their very nature are such as to be directed to the end of a certain capital vice , are called its daughters. Now the end of vainglory is the manifestation of one's own excellence, as stated above ( A1 , Article 4 ): and to this end a man may tend in two ways. On one way directly, either by wo""]",reviewed_doctrinal,honor_worthiness,
edge.concept.vainglory.excess_opposed_to.concept.magnanimity,concept.vainglory,Vainglory,vice,excess_opposed_to,concept.magnanimity,Magnanimity,virtue,['ann.concept-vainglory-excess-opposed-to-concept-magnanimity-st-ii-ii-q132-a002-resp'],['st.ii-ii.q132.a002.resp'],['strong_textual_inference'],"['ng that as a man uses honor moderately, so too does he use glory in moderation. Wherefore inordinate desire of glory is directly opposed to magnanimity.']",reviewed_doctrinal,honor_worthiness,
edge.concept.vainglory.species_of.concept.vice,concept.vainglory,Vainglory,vice,species_of,concept.vice,Vice,vice,['ann.concept-vainglory-species-of-concept-vice-st-ii-ii-q132-a004-resp'],['st.ii-ii.q132.a004.resp'],['explicit_textual'],"['The capital vices are enumerated in two ways. For some reckon pride as one of their number: and these do not place vainglory among the capital vices . Gregory , however (Moral. xxxi), reckons pride to be the queen of all the vices , and vainglory, which is the immediate offspring of']",reviewed_doctrinal,honor_worthiness,
edge.concept.waste_magnificence.concerns_great_expenditure.concept.great_expenditure,concept.waste_magnificence,Waste (Banausia / Consumptio),vice,concerns_great_expenditure,concept.great_expenditure,Great Expenditure,domain,['ann.concept-waste-magnificence-concerns-great-expenditure-concept-great-expenditure-st-ii-ii-q135-a002-resp'],['st.ii-ii.q135.a002.resp'],['explicit_textual'],"['oportion between his expenditure and his work, has a vice opposed to it, whereby a man exceeds this same proportion, by spending more than is proportionate to his work. This vice is called in Greek banausia , so called from the Greek baunos , because, like the fire in the furnace, it consumes everything. It is als']",reviewed_doctrinal,expenditure_work,
edge.concept.waste_magnificence.concerns_great_work.concept.great_work,concept.waste_magnificence,Waste (Banausia / Consumptio),vice,concerns_great_work,concept.great_work,Great Work,object,['ann.concept-waste-magnificence-concerns-great-work-concept-great-work-st-ii-ii-q135-a002-resp'],['st.ii-ii.q135.a002.resp'],['explicit_textual'],"['ttle. Also little and great are relative terms, as stated above ( Article 1 ). Now just as expenditure may be little in comparison with the work, so may it be great in comparison with the work in that it exceeds the proportion which reason requires to exist between expenditure and work. Hence it is mani']",reviewed_doctrinal,expenditure_work,
edge.concept.waste_magnificence.contrary_to.concept.meanness_magnificence,concept.waste_magnificence,Waste (Banausia / Consumptio),vice,contrary_to,concept.meanness_magnificence,Meanness,vice,['ann.concept-waste-magnificence-contrary-to-concept-meanness-magnificence-st-ii-ii-q135-a002-resp'],['st.ii-ii.q135.a002.resp'],['explicit_textual'],"['at it exceeds the proportion which reason requires to exist between expenditure and work. Hence it is manifest that the vice of meanness, whereby a man intends to spend less than his work is worth, and thus fails to observe due proportion between his expenditure and his work, has a vice opposed']",reviewed_doctrinal,expenditure_work,
edge.concept.waste_magnificence.excess_opposed_to.concept.magnificence,concept.waste_magnificence,Waste (Banausia / Consumptio),vice,excess_opposed_to,concept.magnificence,Magnificence,virtue,['ann.concept-waste-magnificence-excess-opposed-to-concept-magnificence-st-ii-ii-q135-a002-resp'],['st.ii-ii.q135.a002.resp'],['strong_textual_inference'],"['oportion between his expenditure and his work, has a vice opposed to it, whereby a man exceeds this same proportion, by spending more than is proportionate to his work. This vice is called in Greek banausia , so called from the Greek baunos , because, like the fire in the furnace, it consumes everything. It is als']",reviewed_doctrinal,expenditure_work,
edge.concept.waste_magnificence.species_of.concept.vice,concept.waste_magnificence,Waste (Banausia / Consumptio),vice,species_of,concept.vice,Vice,vice,['ann.concept-waste-magnificence-species-of-concept-vice-st-ii-ii-q135-a002-resp'],['st.ii-ii.q135.a002.resp'],['explicit_textual'],"['s a vice opposed to it, whereby a man exceeds this same proportion, by spending more than is proportionate to his work. This vice is called in Greek banausia , so called from the Greek baunos , because, like the fire in the furnace, it consumes everything. It is also called apyrokalia , i.e. lackin']",reviewed_doctrinal,expenditure_work,
edge.concept.constancy_fortitude.part_of.concept.patience,concept.constancy_fortitude,Constancy,habit,part_of,concept.patience,Patience,virtue,['ann.concept-constancy-fortitude-part-of-concept-patience-st-ii-ii-q136-a005-resp'],['st.ii-ii.q136.a005.resp'],['explicit_textual'],"['afflicteth the soul ."" Hence there may be patience in bearing this trial, as in enduring any other sorrows. Accordingly longanimity and constancy are both comprised under patience, in so far as both the delay of the hoped for good (which regards longanimity) and the toil which man endures in persistently accomplishing a good work (which regards constancy) m']",reviewed_doctrinal,,"['patience', 'perseverance']"
edge.concept.constancy_fortitude.part_of_fortitude.concept.fortitude,concept.constancy_fortitude,Constancy,habit,part_of_fortitude,concept.fortitude,Fortitude,virtue,['ann.concept-constancy-fortitude-part-of-fortitude-concept-fortitude-st-ii-ii-q137-a003-resp'],['st.ii-ii.q137.a003.resp'],['explicit_textual'],"['ereas constancy makes him persist firmly in good against difficulties arising from any other external hindrances. Hence perseverance takes precedence of constancy as a part of fortitude , because the difficulty arising from continuance of action is more intrinsic to the act of virtue than that which arises from external obstacles.']",reviewed_doctrinal,,['perseverance']
edge.concept.effeminacy_perseverance.deficiency_opposed_to.concept.perseverance_virtue,concept.effeminacy_perseverance,Effeminacy,vice,deficiency_opposed_to,concept.perseverance_virtue,Perseverance (Fortitude Part),virtue,"['ann.concept-effeminacy-perseverance-deficiency-opposed-to-concept-perseverance-virtue-st-ii-ii-q138-a001-resp', 'ann.concept-effeminacy-perseverance-deficiency-opposed-to-concept-perseverance-virtue-st-ii-ii-q138-a001-sc']","['st.ii-ii.q138.a001.resp', 'st.ii-ii.q138.a001.sc']",['explicit_textual'],"['praise because thereby a man does not forsake a good on account of long endurance of difficulties and toils: and it is directly opposed to this, seemingly, for a man to be ready to forsake a good on account of difficulties which he cannot endure. This is what we understand by effeminacy, because a thing is said to', 'The Philosopher says (Ethic. vii, 7) that ""the persevering man is opposed to the effeminate.""']",reviewed_doctrinal,,"['opposed_vice', 'perseverance']"
edge.concept.fortitude.perfected_by.concept.fortitude_gift,concept.fortitude,Fortitude,virtue,perfected_by,concept.fortitude_gift,Gift of Fortitude,gift_holy_spirit,['ann.concept-fortitude-perfected-by-concept-fortitude-gift-st-ii-ii-q139-a001-ad1'],['st.ii-ii.q139.a001.ad1'],['strong_textual_inference'],['ind in the endurance of all perils whatever; but it does not go so far as to give confidence of overcoming all dangers: this belongs to the fortitude that is a gift of the Holy Ghost .'],reviewed_doctrinal,,['gift']
edge.concept.fortitude_gift.corresponding_gift_of.concept.fortitude,concept.fortitude_gift,Gift of Fortitude,gift_holy_spirit,corresponding_gift_of,concept.fortitude,Fortitude,virtue,['ann.concept-fortitude-gift-corresponding-gift-of-concept-fortitude-st-ii-ii-q139-a001-resp'],['st.ii-ii.q139.a001.resp'],['explicit_textual'],['idence of this is infused into the mind by the Holy Ghost Who expels any fear of the contrary. It is in this sense that fortitude is reckoned a gift of the Holy Ghost . For it has been stated above ( I-II:68:1-2 ) that the gifts regard the motion of the mind by the Holy Ghost .'],reviewed_doctrinal,,['gift']
edge.concept.fortitude_gift.corresponds_to.concept.beatitude_hunger_for_justice,concept.fortitude_gift,Gift of Fortitude,gift_holy_spirit,corresponds_to,concept.beatitude_hunger_for_justice,Beatitude of Hunger and Thirst for Justice,beatitude,['ann.concept-fortitude-gift-corresponds-to-concept-beatitude-hunger-for-justice-st-ii-ii-q139-a002-resp'],['st.ii-ii.q139.a002.resp'],['explicit_textual'],"['order in which they are set forth, observing at the same time a certain fittingness between them. Wherefore he ascribes the fourth beatitude, concerning the hunger and thirst for justice , to the fourth gift , namely fortitude . Yet there is a certain congruity between them, because, as stated ( Article 1 ), fortitude']",reviewed_doctrinal,,['gift']
edge.concept.fortitude_gift.directed_to.concept.arduous_work,concept.fortitude_gift,Gift of Fortitude,gift_holy_spirit,directed_to,concept.arduous_work,Arduous / Difficult Work,act_type,['ann.concept-fortitude-gift-directed-to-concept-arduous-work-st-ii-ii-q139-a001-ad3'],['st.ii-ii.q139.a001.ad3'],['explicit_textual'],"['e regards the virtue of fortitude not only because it consists in enduring dangers, but also inasmuch as it consists in accomplishing any difficult work. Wherefore the gift of fortitude is directed by the gift of counsel, which seems to be concerned chiefly with the greater goods.']",reviewed_doctrinal,,['gift']
edge.concept.fortitude_gift.has_object.concept.grievous_evil,concept.fortitude_gift,Gift of Fortitude,gift_holy_spirit,has_object,concept.grievous_evil,Grievous Evil / Hardship,domain,['ann.concept-fortitude-gift-has-object-concept-grievous-evil-st-ii-ii-q139-a001-resp'],['st.ii-ii.q139.a001.resp'],['strong_textual_inference'],"[""ese respects, so as not to forsake the good on account of difficulties, whether in accomplishing an arduous work, or in enduring grievous evil . In this sense fortitude denotes a special or general virtue , as stated above ( II-II:123:2 ). Yet furthermore man's mind is moved by the Holy Ghost , in order that he may attai""]",reviewed_doctrinal,,"['gift', 'patience']"
edge.concept.fortitude_gift.regulated_by.concept.counsel_gift,concept.fortitude_gift,Gift of Fortitude,gift_holy_spirit,regulated_by,concept.counsel_gift,Gift of Counsel,gift_holy_spirit,['ann.concept-fortitude-gift-regulated-by-concept-counsel-gift-st-ii-ii-q139-a001-ad3'],['st.ii-ii.q139.a001.ad3'],['explicit_textual'],"['se it consists in enduring dangers, but also inasmuch as it consists in accomplishing any difficult work. Wherefore the gift of fortitude is directed by the gift of counsel, which seems to be concerned chiefly with the greater goods.']",reviewed_doctrinal,,['gift']
edge.concept.longanimity_fortitude.part_of.concept.patience,concept.longanimity_fortitude,Longanimity,habit,part_of,concept.patience,Patience,virtue,['ann.concept-longanimity-fortitude-part-of-concept-patience-st-ii-ii-q136-a005-resp'],['st.ii-ii.q136.a005.resp'],['explicit_textual'],"['afflicteth the soul ."" Hence there may be patience in bearing this trial, as in enduring any other sorrows. Accordingly longanimity and constancy are both comprised under patience, in so far as both the delay of the hoped for good (which regards longanimity) and the toil which man endures in persistently accomplishing a good work (which regards constancy) m']",reviewed_doctrinal,,['patience']
edge.concept.patience.caused_by.concept.charity,concept.patience,Patience,virtue,caused_by,concept.charity,Charity,virtue,['ann.concept-patience-caused-by-concept-charity-st-ii-ii-q136-a003-resp'],['st.ii-ii.q136.a003.resp'],['explicit_textual'],"['ss of which may cause sorrow, is to be referred to charity , which loves God above all things. Hence it is evident that patience, as a virtue , is caused by charity , according to 1 Corinthians 13:4 , "" Charity is patient."" But it is manifest that it is impossible to have charity save through grace , according to Romans 5:5 , ""The charity of']",reviewed_doctrinal,,['patience']
edge.concept.patience.has_object.concept.grievous_evil,concept.patience,Patience,virtue,has_object,concept.grievous_evil,Grievous Evil / Hardship,domain,['ann.concept-patience-has-object-concept-grievous-evil-st-ii-ii-q136-a001-resp'],['st.ii-ii.q136.a001.resp'],['explicit_textual'],"['eath,"" and Sirach 30:25 , ""Sadness hath killed many, and there is no profit in it."" Hence the necessity for a virtue to safeguard the good of reason against sorrow, lest reason give way to sorrow: and this patience does. Wherefore Augustine says (De Patientia ii): ""A man\'s patience it is whereby he bears evil with an equal mind,"" i.e. withou']",reviewed_doctrinal,,['patience']
edge.concept.patience.part_of_fortitude.concept.fortitude,concept.patience,Patience,virtue,part_of_fortitude,concept.fortitude,Fortitude,virtue,['ann.concept-patience-part-of-fortitude-concept-fortitude-st-ii-ii-q136-a004-resp'],['st.ii-ii.q136.a004.resp'],['explicit_textual'],"['Patience is a quasi-potential part of fortitude , because it is annexed thereto as secondary to principal virtue . For it belongs to patience ""to suffer with an equal mind the evils inflicted by others,"" as Gregory says in a ho']",reviewed_doctrinal,,['patience']
edge.concept.patience.requires.concept.grace,concept.patience,Patience,virtue,requires,concept.grace,Grace,grace,['ann.concept-patience-requires-concept-grace-st-ii-ii-q136-a003-resp'],['st.ii-ii.q136.a003.resp'],['explicit_textual'],"['5:5 , ""The charity of God is poured forth in our hearts by the Holy Ghost Who is given to us."" Therefore it is clearly impossible to have patience without the help of grace .']",reviewed_doctrinal,,['patience']
edge.concept.patience.species_of.concept.virtue,concept.patience,Patience,virtue,species_of,concept.virtue,Virtue,virtue,['ann.concept-patience-species-of-concept-virtue-st-ii-ii-q136-a001-resp'],['st.ii-ii.q136.a001.resp'],['explicit_textual'],"['""lest he abandon with an unequal mind the goods whereby he may advance to better things."" It is therefore evident that patience is a virtue .']",reviewed_doctrinal,,['patience']
edge.concept.perseverance_virtue.directed_to.concept.continuance_in_good,concept.perseverance_virtue,Perseverance (Fortitude Part),virtue,directed_to,concept.continuance_in_good,Continuance in Good,act_type,['ann.concept-perseverance-virtue-directed-to-concept-continuance-in-good-st-ii-ii-q137-a001-resp'],['st.ii-ii.q137.a001.resp'],['explicit_textual'],"['secondly, from the length of time, since to persist long in something difficult involves a special difficulty. Hence to persist long in something good until it is accomplished belongs to a special virtue . Accordingly just as temperance and fortitude are special virtues , for the reason that the one moderates pleasures of touch (which is of itself a dif']",reviewed_doctrinal,,['perseverance']
edge.concept.perseverance_virtue.part_of_fortitude.concept.fortitude,concept.perseverance_virtue,Perseverance (Fortitude Part),virtue,part_of_fortitude,concept.fortitude,Fortitude,virtue,['ann.concept-perseverance-virtue-part-of-fortitude-concept-fortitude-st-ii-ii-q137-a002-resp'],['st.ii-ii.q137.a002.resp'],['explicit_textual'],"['g a good work gives perseverance its claim to praise: nor is this so difficult as to endure dangers of death. Therefore perseverance is annexed to fortitude , as secondary to principal virtue .']",reviewed_doctrinal,,['perseverance']
edge.concept.perseverance_virtue.requires.concept.grace,concept.perseverance_virtue,Perseverance (Fortitude Part),virtue,requires,concept.grace,Grace,grace,['ann.concept-perseverance-virtue-requires-concept-grace-st-ii-ii-q137-a004-resp'],['st.ii-ii.q137.a004.resp'],['explicit_textual'],"['everance has a twofold signification. First, it denotes the habit of perseverance, considered as a virtue . On this way it needs the gift of habitual grace , even as the other infused virtues . Secondly, it may be taken to denote the act of perseverance enduring until death: and in this sense it needs not only habitual grace , but al']",reviewed_doctrinal,,['perseverance']
edge.concept.perseverance_virtue.species_of.concept.virtue,concept.perseverance_virtue,Perseverance (Fortitude Part),virtue,species_of,concept.virtue,Virtue,virtue,['ann.concept-perseverance-virtue-species-of-concept-virtue-st-ii-ii-q137-a001-resp'],['st.ii-ii.q137.a001.resp'],['explicit_textual'],"['e other moderates fear and daring in connection with dangers of death (which also is something difficult in itself), so perseverance is a special virtue , since it consists in enduring delays in the above or other virtuous deeds , so far as necessity requires.']",reviewed_doctrinal,,['perseverance']
edge.concept.pertinacity_perseverance.caused_by.concept.vainglory,concept.pertinacity_perseverance,Pertinacity,vice,caused_by,concept.vainglory,Vainglory,vice,['ann.concept-pertinacity-perseverance-caused-by-concept-vainglory-st-ii-ii-q138-a002-ad1'],['st.ii-ii.q138.a002.ad1'],['explicit_textual'],"['sistent in his own opinion, is that he wishes by this means to make a show of his own excellence: wherefore this is the result of vainglory as its cause . Now it has been stated above ( II-II:127:2 ad 1 ; II-II:133:2 ), that opposition of vices to virtues depends, not on their cause , but on their species .']",reviewed_doctrinal,,['opposed_vice']
edge.concept.pertinacity_perseverance.contrary_to.concept.effeminacy_perseverance,concept.pertinacity_perseverance,Pertinacity,vice,contrary_to,concept.effeminacy_perseverance,Effeminacy,vice,['ann.concept-pertinacity-perseverance-contrary-to-concept-effeminacy-perseverance-st-ii-ii-q138-a002-resp'],['st.ii-ii.q138.a002.resp'],['explicit_textual'],"[', and the persevering man , as he ought. Hence it is clear that perseverance is commended for observing the mean, while pertinacity is reproved for exceeding the mean, and effeminacy for falling short of it.']",reviewed_doctrinal,,['opposed_vice']
edge.concept.pertinacity_perseverance.excess_opposed_to.concept.perseverance_virtue,concept.pertinacity_perseverance,Pertinacity,vice,excess_opposed_to,concept.perseverance_virtue,Perseverance (Fortitude Part),virtue,"['ann.concept-pertinacity-perseverance-excess-opposed-to-concept-perseverance-virtue-st-ii-ii-q138-a002-resp', 'ann.concept-pertinacity-perseverance-excess-opposed-to-concept-perseverance-virtue-st-ii-ii-q138-a002-sc']","['st.ii-ii.q138.a002.resp', 'st.ii-ii.q138.a002.sc']",['explicit_textual'],"[', and the persevering man , as he ought. Hence it is clear that perseverance is commended for observing the mean, while pertinacity is reproved for exceeding the mean, and effeminacy for falling short of it.', 'ance as superstition is to religion. But superstition is opposed to religion, as stated above ( II-II:92:1 ). Therefore pertinacity is opposed to perseverance.']",reviewed_doctrinal,,"['opposed_vice', 'perseverance']"
edge.concept.precepts_of_fortitude.directed_to.concept.god,concept.precepts_of_fortitude,Precepts of Fortitude,precept,directed_to,concept.god,God,object,['ann.concept-precepts-of-fortitude-directed-to-concept-god-st-ii-ii-q140-a001-resp'],['st.ii-ii.q140.a001.resp'],['explicit_textual'],"['ocracies, others of kingdoms, and others again of tyrannical governments. Now the end of the Divine Law is that man may adhere to God : wherefore the Divine Law contains precepts both of fortitude and of the other virtues , with a view to directing the mind to God . For this reason it is written ( Deuteronomy 20']",reviewed_doctrinal,,['precept']
edge.concept.precepts_of_fortitude.forbids_opposed_vice_of.concept.fortitude,concept.precepts_of_fortitude,Precepts of Fortitude,precept,forbids_opposed_vice_of,concept.fortitude,Fortitude,virtue,['ann.concept-precepts-of-fortitude-forbids-opposed-vice-of-concept-fortitude-st-ii-ii-q140-a001-ad2'],['st.ii-ii.q140.a001.ad2'],['strong_textual_inference'],"['at have to be done in cases of danger are not, like the things to be avoided, reducible to some common thing. Hence the precepts of fortitude are negative rather than affirmative.']",reviewed_doctrinal,,['precept']
edge.concept.precepts_of_fortitude.precept_of.concept.fortitude,concept.precepts_of_fortitude,Precepts of Fortitude,precept,precept_of,concept.fortitude,Fortitude,virtue,['ann.concept-precepts-of-fortitude-precept-of-concept-fortitude-st-ii-ii-q140-a001-resp'],['st.ii-ii.q140.a001.resp'],['explicit_textual'],"['again of tyrannical governments. Now the end of the Divine Law is that man may adhere to God : wherefore the Divine Law contains precepts both of fortitude and of the other virtues , with a view to directing the mind to God . For this reason it is written ( Deuteronomy 20:3-4 ): ""Fear ye them not: because the Lord your God is in the']",reviewed_doctrinal,,['precept']
edge.concept.precepts_of_fortitude_parts.commands_act_of.concept.patience,concept.precepts_of_fortitude_parts,Precepts of Patience and Perseverance,precept,commands_act_of,concept.patience,Patience,virtue,['ann.concept-precepts-of-fortitude-parts-commands-act-of-concept-patience-st-ii-ii-q140-a002-ad1'],['st.ii-ii.q140.a002.ad1'],['explicit_textual'],"['ance, not by reason of any greatness observable in them, but on account of the very nature of those virtues . Hence the need of precepts of patience and perseverance.']",reviewed_doctrinal,,"['patience', 'precept']"
edge.concept.precepts_of_fortitude_parts.commands_act_of.concept.perseverance_virtue,concept.precepts_of_fortitude_parts,Precepts of Patience and Perseverance,precept,commands_act_of,concept.perseverance_virtue,Perseverance (Fortitude Part),virtue,['ann.concept-precepts-of-fortitude-parts-commands-act-of-concept-perseverance-virtue-st-ii-ii-q140-a002-ad1'],['st.ii-ii.q140.a002.ad1'],['explicit_textual'],"['t by reason of any greatness observable in them, but on account of the very nature of those virtues . Hence the need of precepts of patience and perseverance.']",reviewed_doctrinal,,"['perseverance', 'precept']"
edge.concept.precepts_of_fortitude_parts.directed_to.concept.god,concept.precepts_of_fortitude_parts,Precepts of Patience and Perseverance,precept,directed_to,concept.god,God,object,['ann.concept-precepts-of-fortitude-parts-directed-to-concept-god-st-ii-ii-q140-a002-ad2'],['st.ii-ii.q140.a002.ad2'],['strong_textual_inference'],"['As stated above ( II-II:3:2 ), although affirmative precepts are always binding, they are not binding for always, but according to place and time. Wherefore just as the affirmative precepts about the other virtues are to be understood as to']",reviewed_doctrinal,,['precept']
edge.concept.precepts_of_fortitude_parts.precept_of.concept.fortitude,concept.precepts_of_fortitude_parts,Precepts of Patience and Perseverance,precept,precept_of,concept.fortitude,Fortitude,virtue,['ann.concept-precepts-of-fortitude-parts-precept-of-concept-fortitude-st-ii-ii-q140-a002-resp'],['st.ii-ii.q140.a002.resp'],['strong_textual_inference'],"['as are necessary for right living. Now in order to live aright man needs not only the principal virtues , but also the secondary and annexed virtues . Wherefore the Divine Law contains precepts not only about the acts of the principal virtues , but also about the acts of the secondary and annexed virtues .']",reviewed_doctrinal,,['precept']
edge.concept.precepts_of_fortitude_parts.precept_of.concept.patience,concept.precepts_of_fortitude_parts,Precepts of Patience and Perseverance,precept,precept_of,concept.patience,Patience,virtue,['ann.concept-precepts-of-fortitude-parts-precept-of-concept-patience-st-ii-ii-q140-a002-ad1'],['st.ii-ii.q140.a002.ad1'],['strong_textual_inference'],"['ance, not by reason of any greatness observable in them, but on account of the very nature of those virtues . Hence the need of precepts of patience and perseverance.']",reviewed_doctrinal,,"['patience', 'precept']"
edge.concept.precepts_of_fortitude_parts.precept_of.concept.perseverance_virtue,concept.precepts_of_fortitude_parts,Precepts of Patience and Perseverance,precept,precept_of,concept.perseverance_virtue,Perseverance (Fortitude Part),virtue,['ann.concept-precepts-of-fortitude-parts-precept-of-concept-perseverance-virtue-st-ii-ii-q140-a002-ad1'],['st.ii-ii.q140.a002.ad1'],['strong_textual_inference'],"['t by reason of any greatness observable in them, but on account of the very nature of those virtues . Hence the need of precepts of patience and perseverance.']",reviewed_doctrinal,,"['perseverance', 'precept']"
