edge_id,subject_id,subject_label,subject_type,relation_type,object_id,object_label,object_type,support_annotation_ids,source_passage_ids,support_types,evidence_snippets,review_layer,part_taxonomy
edge.concept.caution.integral_part_of.concept.prudence,concept.caution,Caution,prudence_part,integral_part_of,concept.prudence,Prudence,virtue,['ann.st-ii-ii-q048-a001-resp-concept-caution-integral-part-of-concept-prudence'],['st.ii-ii.q048.a001.resp'],['explicit_textual'],"['vi, 11): ""Of such things one needs to have the sense, and this is understanding."" Of these eight, five belong to prudence as a cognitive virtue , namely, "" memory ,"" ""reasoning,"" ""understanding,"" ""docility"" and ""shrewdness"": while the three others belong thereto, as commanding and applying knowledge to action, namely, ""foresight,"" ""circumspection"" and ""caution."" The reason of their difference is seen from the fact that three things may be observed in reference to knowledge']",reviewed_doctrinal,integral
edge.concept.caution.treated_in.st.ii-ii.q048.a001,concept.caution,Caution,prudence_part,treated_in,st.ii-ii.q048.a001,"II-II q.48 a.1 — The three parts of prudence: integral, subjective, and potential",article,['ann.st-ii-ii-q048-a001-resp-concept-caution-treated-in-st-ii-ii-q048-a001'],['st.ii-ii.q048.a001.resp'],['explicit_textual'],"['vi, 11): ""Of such things one needs to have the sense, and this is understanding."" Of these eight, five belong to prudence as a cognitive virtue , namely, "" memory ,"" ""reasoning,"" ""understanding,"" ""docility"" and ""shrewdness"": while the three others belong thereto, as commanding and applying knowledge to action, namely, ""foresight,"" ""circumspection"" and ""caution."" The reason of their difference is seen from the fact that three things may be observed in reference to knowledge']",reviewed_doctrinal,
edge.concept.caution.treated_in.st.ii-ii.q049.a008,concept.caution,Caution,prudence_part,treated_in,st.ii-ii.q049.a008,II-II q.49 a.8 — Caution,article,['ann.st-ii-ii-q049-a008-resp-concept-caution-treated-in-st-ii-ii-q049-a008'],['st.ii-ii.q049.a008.resp'],['explicit_textual'],"['Wherefore prudence needs caution, so that we may have such a grasp of good as to avoid evil .']",reviewed_doctrinal,
edge.concept.circumspection.integral_part_of.concept.prudence,concept.circumspection,Circumspection,prudence_part,integral_part_of,concept.prudence,Prudence,virtue,['ann.st-ii-ii-q048-a001-resp-concept-circumspection-integral-part-of-concept-prudence'],['st.ii-ii.q048.a001.resp'],['explicit_textual'],"['vi, 11): ""Of such things one needs to have the sense, and this is understanding."" Of these eight, five belong to prudence as a cognitive virtue , namely, "" memory ,"" ""reasoning,"" ""understanding,"" ""docility"" and ""shrewdness"": while the three others belong thereto, as commanding and applying knowledge to action, namely, ""foresight,"" ""circumspection"" and ""caution."" The reason of their difference is seen from the fact that three things may be observed in reference to knowledge']",reviewed_doctrinal,integral
edge.concept.circumspection.treated_in.st.ii-ii.q048.a001,concept.circumspection,Circumspection,prudence_part,treated_in,st.ii-ii.q048.a001,"II-II q.48 a.1 — The three parts of prudence: integral, subjective, and potential",article,['ann.st-ii-ii-q048-a001-resp-concept-circumspection-treated-in-st-ii-ii-q048-a001'],['st.ii-ii.q048.a001.resp'],['explicit_textual'],"['vi, 11): ""Of such things one needs to have the sense, and this is understanding."" Of these eight, five belong to prudence as a cognitive virtue , namely, "" memory ,"" ""reasoning,"" ""understanding,"" ""docility"" and ""shrewdness"": while the three others belong thereto, as commanding and applying knowledge to action, namely, ""foresight,"" ""circumspection"" and ""caution."" The reason of their difference is seen from the fact that three things may be observed in reference to knowledge']",reviewed_doctrinal,
edge.concept.circumspection.treated_in.st.ii-ii.q049.a007,concept.circumspection,Circumspection,prudence_part,treated_in,st.ii-ii.q049.a007,II-II q.49 a.7 — Circumspection,article,['ann.st-ii-ii-q049-a007-resp-concept-circumspection-treated-in-st-ii-ii-q049-a007'],['st.ii-ii.q049.a007.resp'],['explicit_textual'],"['Hence the need of circumspection in prudence , viz']",reviewed_doctrinal,
edge.concept.command.treated_in.st.ii-ii.q047.a008,concept.command,Command,act,treated_in,st.ii-ii.q047.a008,II-II q.47 a.8 — Is its proper act command?,article,['ann.st-ii-ii-q047-a008-resp-concept-command-treated-in-st-ii-ii-q047-a008'],['st.ii-ii.q047.a008.resp'],['explicit_textual'],"['But the practical reason, which is directed to action, goes further, and its third act is ""to command,"" which act consists in applying to action the things counselled and judged']",reviewed_doctrinal,
edge.concept.common_good.treated_in.st.ii-ii.q047.a010,concept.common_good,Common Good,end,treated_in,st.ii-ii.q047.a010,II-II q.47 a.10 — Does prudence extend to the governing of many?,article,['ann.st-ii-ii-q047-a010-resp-concept-common-good-treated-in-st-ii-ii-q047-a010'],['st.ii-ii.q047.a010.resp'],['explicit_textual'],"['vi, 8) some have held that prudence does not extend to the common good , but only to the good of the individual , and this because they thought that man is not bound to seek other than his own good']",reviewed_doctrinal,
edge.concept.common_good.treated_in.st.ii-ii.q047.a011,concept.common_good,Common Good,end,treated_in,st.ii-ii.q047.a011,II-II q.47 a.11 — Is the prudence which regards private good the same in species as that which regards the common good?,article,['ann.st-ii-ii-q047-a011-resp-concept-common-good-treated-in-st-ii-ii-q047-a011'],['st.ii-ii.q047.a011.resp'],['explicit_textual'],"['another, ""domestic prudence "" which is directed to the common good of the home']",reviewed_doctrinal,
edge.concept.counsel_gift.corresponds_to.concept.mercy_beatitude,concept.counsel_gift,Gift of Counsel,gift_holy_spirit,corresponds_to,concept.mercy_beatitude,Beatitude of Mercy,beatitude,['ann.st-ii-ii-q052-a004-resp-concept-counsel-gift-corresponds-to-concept-mercy-beatitude'],['st.ii-ii.q052.a004.resp'],['explicit_textual'],"['see note on II-II:30:1 is profitable to all things."" Therefore the beatitude of mercy specially corresponds to the gift of counsel, not as eliciting but as directing mercy.']",reviewed_doctrinal,
edge.concept.counsel_gift.corresponds_to.concept.prudence,concept.counsel_gift,Gift of Counsel,gift_holy_spirit,corresponds_to,concept.prudence,Prudence,virtue,['ann.st-ii-ii-q052-a002-resp-concept-counsel-gift-corresponds-to-concept-prudence'],['st.ii-ii.q052.a002.resp'],['explicit_textual'],"['Therefore the gift of counsel corresponds to prudence , as helping and perfecting it.']",reviewed_doctrinal,
edge.concept.counsel_gift.treated_in.st.ii-ii.q052.a001,concept.counsel_gift,Gift of Counsel,gift_holy_spirit,treated_in,st.ii-ii.q052.a001,II-II q.52 a.1 — Should counsel be reckoned among the seven gifts of the Holy Ghost?,article,['ann.st-ii-ii-q052-a001-resp-concept-counsel-gift-treated-in-st-ii-ii-q052-a001'],['st.ii-ii.q052.a001.resp'],['explicit_textual'],"['Again, it is proper to the rational creature to be moved through the research of reason to perform any particular action, and this research is called counsel']",reviewed_doctrinal,
edge.concept.counsel_gift.treated_in.st.ii-ii.q052.a002,concept.counsel_gift,Gift of Counsel,gift_holy_spirit,treated_in,st.ii-ii.q052.a002,II-II q.52 a.2 — Does the gift of counsel correspond to prudence?,article,['ann.st-ii-ii-q052-a002-resp-concept-counsel-gift-treated-in-st-ii-ii-q052-a002'],['st.ii-ii.q052.a002.resp'],['explicit_textual'],"['Consequently prudence , which denotes rectitude of reason , is chiefly perfected and helped through being ruled and moved by the Holy Ghost , and this belongs to the gift of counsel, as stated above ( Article 1 )']",reviewed_doctrinal,
edge.concept.counsel_gift.treated_in.st.ii-ii.q052.a003,concept.counsel_gift,Gift of Counsel,gift_holy_spirit,treated_in,st.ii-ii.q052.a003,II-II q.52 a.3 — Does the gift of counsel remain in heaven?,article,['ann.st-ii-ii-q052-a003-resp-concept-counsel-gift-treated-in-st-ii-ii-q052-a003'],['st.ii-ii.q052.a003.resp'],['explicit_textual'],"['v, 19) ""the angels take counsel of God about things beneath them"": wherefore the instruction which they receive from God in such matters is called ""counsel."" Accordingly the gift of counsel is in the blessed, in so far as God preserves in them the knowledge that they have, and enlightens them in their nescience of what has to be done.']",reviewed_doctrinal,
edge.concept.counsel_gift.treated_in.st.ii-ii.q052.a004,concept.counsel_gift,Gift of Counsel,gift_holy_spirit,treated_in,st.ii-ii.q052.a004,"II-II q.52 a.4 — Does the fifth beatitude, ""Blessed are the merciful,"" etc. correspond to the gift of counsel?",article,['ann.st-ii-ii-q052-a004-resp-concept-counsel-gift-treated-in-st-ii-ii-q052-a004'],['st.ii-ii.q052.a004.resp'],['explicit_textual'],"['Hence such things as are of most use for an end, should above all correspond to the gift of counsel']",reviewed_doctrinal,
edge.concept.covetousness.treated_in.st.ii-ii.q055.a008,concept.covetousness,Covetousness,vice,treated_in,st.ii-ii.q055.a008,II-II q.55 a.8 — The origin of these vices,article,['ann.st-ii-ii-q055-a008-resp-concept-covetousness-treated-in-st-ii-ii-q055-a008'],['st.ii-ii.q055.a008.resp'],['explicit_textual'],"['Hence the undue use of reason appears chiefly in the vices opposed to justice , the chief of which is covetousness']",reviewed_doctrinal,
edge.concept.craftiness.caused_by.concept.covetousness,concept.craftiness,Craftiness,vice,caused_by,concept.covetousness,Covetousness,vice,['ann.st-ii-ii-q055-a008-resp-concept-craftiness-caused-by-concept-covetousness'],['st.ii-ii.q055.a008.resp'],['explicit_textual'],['Therefore the aforesaid vices arise chiefly from covetousness .'],reviewed_doctrinal,
edge.concept.craftiness.opposed_by.concept.prudence,concept.craftiness,Craftiness,vice,opposed_by,concept.prudence,Prudence,virtue,['ann.st-ii-ii-q055-a003-resp-concept-craftiness-opposed-by-concept-prudence'],['st.ii-ii.q055.a003.resp'],['explicit_textual'],"['This is consequently a sin opposed to prudence , and distinct from prudence of the flesh.']",reviewed_doctrinal,
edge.concept.craftiness.treated_in.st.ii-ii.q055.a003,concept.craftiness,Craftiness,vice,treated_in,st.ii-ii.q055.a003,II-II q.55 a.3 — Is craftiness a special sin?,article,['ann.st-ii-ii-q055-a003-resp-concept-craftiness-treated-in-st-ii-ii-q055-a003'],['st.ii-ii.q055.a003.resp'],['explicit_textual'],"['secondly, when, in order to obtain a certain end, whether good or evil , a man uses means that are not true but fictitious and counterfeit, and this belongs to the sin of craftiness']",reviewed_doctrinal,
edge.concept.craftiness.treated_in.st.ii-ii.q055.a008,concept.craftiness,Craftiness,vice,treated_in,st.ii-ii.q055.a008,II-II q.55 a.8 — The origin of these vices,article,['ann.st-ii-ii-q055-a008-resp-concept-craftiness-treated-in-st-ii-ii-q055-a008'],['st.ii-ii.q055.a008.resp'],['explicit_textual'],"['II-II:47:13 ), carnal prudence and craftiness, as well as guile and fraud , bear a certain resemblance to prudence in some kind of use of the reason']",reviewed_doctrinal,
edge.concept.craftiness.treated_in.st.ii-ii.q056.a002,concept.craftiness,Craftiness,vice,treated_in,st.ii-ii.q056.a002,II-II q.56 a.2 — The precepts relating to the opposite vices,article,['ann.st-ii-ii-q056-a002-resp-concept-craftiness-treated-in-st-ii-ii-q056-a002'],['st.ii-ii.q056.a002.resp'],['explicit_textual'],"['Now craftiness, as to its execution, is committed chiefly in matters of justice , as stated above ( II-II:55:8 ): and so it was fitting that the Law should contain precepts forbidding the execution of craftiness, in so far as this pertains to injustice , as when a man uses guile and fraud in calumniating another or in stealing his goods.']",reviewed_doctrinal,
edge.concept.docility.integral_part_of.concept.prudence,concept.docility,Docility,prudence_part,integral_part_of,concept.prudence,Prudence,virtue,['ann.st-ii-ii-q048-a001-resp-concept-docility-integral-part-of-concept-prudence'],['st.ii-ii.q048.a001.resp'],['explicit_textual'],"['vi, 11): ""Of such things one needs to have the sense, and this is understanding."" Of these eight, five belong to prudence as a cognitive virtue , namely, "" memory ,"" ""reasoning,"" ""understanding,"" ""docility"" and ""shrewdness"": while the three others belong thereto, as commanding and applying knowledge to action, namely, ""foresight,"" ""circumspection"" and ""caution."" The reason of their difference is seen from the fact that three things may be observed in reference to knowledge']",reviewed_doctrinal,integral
edge.concept.docility.treated_in.st.ii-ii.q048.a001,concept.docility,Docility,prudence_part,treated_in,st.ii-ii.q048.a001,"II-II q.48 a.1 — The three parts of prudence: integral, subjective, and potential",article,['ann.st-ii-ii-q048-a001-resp-concept-docility-treated-in-st-ii-ii-q048-a001'],['st.ii-ii.q048.a001.resp'],['explicit_textual'],"['vi, 11): ""Of such things one needs to have the sense, and this is understanding."" Of these eight, five belong to prudence as a cognitive virtue , namely, "" memory ,"" ""reasoning,"" ""understanding,"" ""docility"" and ""shrewdness"": while the three others belong thereto, as commanding and applying knowledge to action, namely, ""foresight,"" ""circumspection"" and ""caution."" The reason of their difference is seen from the fact that three things may be observed in reference to knowledge']",reviewed_doctrinal,
edge.concept.docility.treated_in.st.ii-ii.q049.a003,concept.docility,Docility,prudence_part,treated_in,st.ii-ii.q049.a003,II-II q.49 a.3 — Docility,article,['ann.st-ii-ii-q049-a003-resp-concept-docility-treated-in-st-ii-ii-q049-a003'],['st.ii-ii.q049.a003.resp'],['explicit_textual'],"['the old men), ""that are wise, and join thyself from thy heart to their wisdom."" Now it is a mark of docility to be ready to be taught: and consequently docility is fittingly reckoned a part of prudence']",reviewed_doctrinal,
edge.concept.domestic_prudence.subjective_part_of.concept.prudence,concept.domestic_prudence,Domestic Prudence,prudence_part,subjective_part_of,concept.prudence,Prudence,virtue,"['ann.st-ii-ii-q048-a001-resp-concept-domestic-prudence-subjective-part-of-concept-prudence', 'ann.st-ii-ii-q050-a003-resp-concept-domestic-prudence-subjective-part-of-concept-prudence']","['st.ii-ii.q048.a001.resp', 'st.ii-ii.q050.a003.resp']",['explicit_textual'],"['such is the multitude of a home or family , and this is ruled by ""domestic prudence "": and such again is the multitude of a city or kingdom, the ruling principle of which is ""regnative prudence "" in the ruler, and ""political prudence ,"" simply so called, in the subjects', 'And therefore, just as prudence commonly so called which governs the individual , is distinct from political prudence , so must domestic prudence be distinct from both.']",reviewed_doctrinal,subjective
edge.concept.domestic_prudence.treated_in.st.ii-ii.q048.a001,concept.domestic_prudence,Domestic Prudence,prudence_part,treated_in,st.ii-ii.q048.a001,"II-II q.48 a.1 — The three parts of prudence: integral, subjective, and potential",article,['ann.st-ii-ii-q048-a001-resp-concept-domestic-prudence-treated-in-st-ii-ii-q048-a001'],['st.ii-ii.q048.a001.resp'],['explicit_textual'],"['such is the multitude of a home or family , and this is ruled by ""domestic prudence "": and such again is the multitude of a city or kingdom, the ruling principle of which is ""regnative prudence "" in the ruler, and ""political prudence ,"" simply so called, in the subjects']",reviewed_doctrinal,
edge.concept.domestic_prudence.treated_in.st.ii-ii.q050.a003,concept.domestic_prudence,Domestic Prudence,prudence_part,treated_in,st.ii-ii.q050.a003,II-II q.50 a.3 — Is domestic economy a species of prudence?,article,['ann.st-ii-ii-q050-a003-resp-concept-domestic-prudence-treated-in-st-ii-ii-q050-a003'],['st.ii-ii.q050.a003.resp'],['explicit_textual'],"['And therefore, just as prudence commonly so called which governs the individual , is distinct from political prudence , so must domestic prudence be distinct from both.']",reviewed_doctrinal,
edge.concept.euboulia.potential_part_of.concept.prudence,concept.euboulia,Euboulia,prudence_part,potential_part_of,concept.prudence,Prudence,virtue,['ann.st-ii-ii-q048-a001-resp-concept-euboulia-potential-part-of-concept-prudence'],['st.ii-ii.q048.a001.resp'],['explicit_textual'],"['On this way the parts of prudence are "" good counsel,"" which concerns counsel, ""synesis,"" which concerns judgment in matters of ordinary occurrence, and ""gnome,"" which concerns judgment in matters of exception to the law : while "" prudence "" is about the chief act, viz']",reviewed_doctrinal,potential
edge.concept.euboulia.treated_in.st.ii-ii.q048.a001,concept.euboulia,Euboulia,prudence_part,treated_in,st.ii-ii.q048.a001,"II-II q.48 a.1 — The three parts of prudence: integral, subjective, and potential",article,['ann.st-ii-ii-q048-a001-resp-concept-euboulia-treated-in-st-ii-ii-q048-a001'],['st.ii-ii.q048.a001.resp'],['explicit_textual'],"['On this way the parts of prudence are "" good counsel,"" which concerns counsel, ""synesis,"" which concerns judgment in matters of ordinary occurrence, and ""gnome,"" which concerns judgment in matters of exception to the law : while "" prudence "" is about the chief act, viz']",reviewed_doctrinal,
edge.concept.euboulia.treated_in.st.ii-ii.q051.a001,concept.euboulia,Euboulia,prudence_part,treated_in,st.ii-ii.q051.a001,II-II q.51 a.1 — Is euboulia a virtue?,article,['ann.st-ii-ii-q051-a001-resp-concept-euboulia-treated-in-st-ii-ii-q051-a001'],['st.ii-ii.q051.a001.resp'],['explicit_textual'],"['But euboulia (deliberating well) signifies goodness of counsel, for it is derived from the eu , good , and boule , counsel, being ""a good counsel"" or rather ""a disposition to take good counsel."" Hence it is evident that euboulia (deliberating well) is a human virtue .']",reviewed_doctrinal,
edge.concept.euboulia.treated_in.st.ii-ii.q051.a002,concept.euboulia,Euboulia,prudence_part,treated_in,st.ii-ii.q051.a002,"II-II q.51 a.2 — Is it a special virtue, distinct from prudence?",article,['ann.st-ii-ii-q051-a002-resp-concept-euboulia-treated-in-st-ii-ii-q051-a002'],['st.ii-ii.q051.a002.resp'],['explicit_textual'],"['Consequently euboulia (deliberating well) which makes man take good counsel must needs be a distinct virtue from prudence , which makes man command well']",reviewed_doctrinal,
edge.concept.false_prudence.treated_in.st.ii-ii.q047.a013,concept.false_prudence,False Prudence,vice,treated_in,st.ii-ii.q047.a013,II-II q.47 a.13 — Is prudence in the wicked?,article,['ann.st-ii-ii-q047-a013-resp-concept-false-prudence-treated-in-st-ii-ii-q047-a013'],['st.ii-ii.q047.a013.resp'],['explicit_textual'],"['There is a false prudence , which takes its name from its likeness to true prudence']",reviewed_doctrinal,
edge.concept.foresight.integral_part_of.concept.prudence,concept.foresight,Foresight,prudence_part,integral_part_of,concept.prudence,Prudence,virtue,['ann.st-ii-ii-q048-a001-resp-concept-foresight-integral-part-of-concept-prudence'],['st.ii-ii.q048.a001.resp'],['explicit_textual'],"['vi, 11): ""Of such things one needs to have the sense, and this is understanding."" Of these eight, five belong to prudence as a cognitive virtue , namely, "" memory ,"" ""reasoning,"" ""understanding,"" ""docility"" and ""shrewdness"": while the three others belong thereto, as commanding and applying knowledge to action, namely, ""foresight,"" ""circumspection"" and ""caution."" The reason of their difference is seen from the fact that three things may be observed in reference to knowledge']",reviewed_doctrinal,integral
edge.concept.foresight.treated_in.st.ii-ii.q048.a001,concept.foresight,Foresight,prudence_part,treated_in,st.ii-ii.q048.a001,"II-II q.48 a.1 — The three parts of prudence: integral, subjective, and potential",article,['ann.st-ii-ii-q048-a001-resp-concept-foresight-treated-in-st-ii-ii-q048-a001'],['st.ii-ii.q048.a001.resp'],['explicit_textual'],"['vi, 11): ""Of such things one needs to have the sense, and this is understanding."" Of these eight, five belong to prudence as a cognitive virtue , namely, "" memory ,"" ""reasoning,"" ""understanding,"" ""docility"" and ""shrewdness"": while the three others belong thereto, as commanding and applying knowledge to action, namely, ""foresight,"" ""circumspection"" and ""caution."" The reason of their difference is seen from the fact that three things may be observed in reference to knowledge']",reviewed_doctrinal,
edge.concept.foresight.treated_in.st.ii-ii.q049.a006,concept.foresight,Foresight,prudence_part,treated_in,st.ii-ii.q049.a006,II-II q.49 a.6 — foresight,article,['ann.st-ii-ii-q049-a006-resp-concept-foresight-treated-in-st-ii-ii-q049-a006'],['st.ii-ii.q049.a006.resp'],['explicit_textual'],"['Consequently, future contingents, in so far as they can be directed by man to the end of human life, are the matter of prudence : and each of these things is implied in the word foresight, for it implies the notion of something distant, to which that which occurs in the present has to be directed']",reviewed_doctrinal,
edge.concept.fraud.caused_by.concept.covetousness,concept.fraud,Fraud,vice,caused_by,concept.covetousness,Covetousness,vice,['ann.st-ii-ii-q055-a008-resp-concept-fraud-caused-by-concept-covetousness'],['st.ii-ii.q055.a008.resp'],['explicit_textual'],['Therefore the aforesaid vices arise chiefly from covetousness .'],reviewed_doctrinal,
edge.concept.fraud.caused_by.concept.craftiness,concept.fraud,Fraud,vice,caused_by,concept.craftiness,Craftiness,vice,['ann.st-ii-ii-q055-a005-resp-concept-fraud-caused-by-concept-craftiness'],['st.ii-ii.q055.a005.resp'],['strong_textual_inference'],"['Just as ""guile"" consists in the execution of craftiness, so also does "" fraud ."" But they seem to differ in the fact that ""guile"" belongs in general to the execution of craftiness, whether this be effected by words, or by deeds , whereas "" fraud "" belongs more properly to the execution of craftiness by deeds .']",reviewed_doctrinal,
edge.concept.fraud.treated_in.st.ii-ii.q055.a005,concept.fraud,Fraud,vice,treated_in,st.ii-ii.q055.a005,II-II q.55 a.5 — Fraud,article,['ann.st-ii-ii-q055-a005-resp-concept-fraud-treated-in-st-ii-ii-q055-a005'],['st.ii-ii.q055.a005.resp'],['explicit_textual'],"['Just as ""guile"" consists in the execution of craftiness, so also does "" fraud ."" But they seem to differ in the fact that ""guile"" belongs in general to the execution of craftiness, whether this be effected by words, or by deeds , whereas "" fraud "" belongs more properly to the execution of craftiness by deeds .']",reviewed_doctrinal,
edge.concept.fraud.treated_in.st.ii-ii.q055.a008,concept.fraud,Fraud,vice,treated_in,st.ii-ii.q055.a008,II-II q.55 a.8 — The origin of these vices,article,['ann.st-ii-ii-q055-a008-resp-concept-fraud-treated-in-st-ii-ii-q055-a008'],['st.ii-ii.q055.a008.resp'],['explicit_textual'],"['II-II:47:13 ), carnal prudence and craftiness, as well as guile and fraud , bear a certain resemblance to prudence in some kind of use of the reason']",reviewed_doctrinal,
edge.concept.future_solicitude.contrary_to.concept.prudence,concept.future_solicitude,Solicitude about the Future,defect,contrary_to,concept.prudence,Prudence,virtue,['ann.st-ii-ii-q055-a007-resp-concept-future-solicitude-contrary-to-concept-prudence'],['st.ii-ii.q055.a007.resp'],['strong_textual_inference'],"['Hence Our Lord forbids such like excessive solicitude, saying: ""Be . . . not solicitous for tomorrow,"" wherefore He adds, ""for the morrow will be solicitous for itself,"" that is to say, the morrow will have its own solicitude, which will be burden enough for the soul']",reviewed_doctrinal,
edge.concept.future_solicitude.treated_in.st.ii-ii.q055.a007,concept.future_solicitude,Solicitude about the Future,defect,treated_in,st.ii-ii.q055.a007,II-II q.55 a.7 — Solicitude about the future,article,['ann.st-ii-ii-q055-a007-resp-concept-future-solicitude-treated-in-st-ii-ii-q055-a007'],['st.ii-ii.q055.a007.resp'],['explicit_textual'],"['not solicitous for tomorrow,"" wherefore He adds, ""for the morrow will be solicitous for itself,"" that is to say, the morrow will have its own solicitude, which will be burden enough for the soul']",reviewed_doctrinal,
edge.concept.gnome.potential_part_of.concept.prudence,concept.gnome,Gnome,prudence_part,potential_part_of,concept.prudence,Prudence,virtue,['ann.st-ii-ii-q048-a001-resp-concept-gnome-potential-part-of-concept-prudence'],['st.ii-ii.q048.a001.resp'],['explicit_textual'],"['On this way the parts of prudence are "" good counsel,"" which concerns counsel, ""synesis,"" which concerns judgment in matters of ordinary occurrence, and ""gnome,"" which concerns judgment in matters of exception to the law : while "" prudence "" is about the chief act, viz']",reviewed_doctrinal,potential
edge.concept.gnome.treated_in.st.ii-ii.q048.a001,concept.gnome,Gnome,prudence_part,treated_in,st.ii-ii.q048.a001,"II-II q.48 a.1 — The three parts of prudence: integral, subjective, and potential",article,['ann.st-ii-ii-q048-a001-resp-concept-gnome-treated-in-st-ii-ii-q048-a001'],['st.ii-ii.q048.a001.resp'],['explicit_textual'],"['On this way the parts of prudence are "" good counsel,"" which concerns counsel, ""synesis,"" which concerns judgment in matters of ordinary occurrence, and ""gnome,"" which concerns judgment in matters of exception to the law : while "" prudence "" is about the chief act, viz']",reviewed_doctrinal,
edge.concept.gnome.treated_in.st.ii-ii.q051.a004,concept.gnome,Gnome,prudence_part,treated_in,st.ii-ii.q051.a004,II-II q.51 a.4 — Is gnome a special virtue?,article,['ann.st-ii-ii-q051-a004-resp-concept-gnome-treated-in-st-ii-ii-q051-a004'],['st.ii-ii.q051.a004.resp'],['explicit_textual'],"['Hence it is necessary to judge of such matters according to higher principles than the common laws, according to which synesis (judging according to common law ) judges: and corresponding to such higher principles it is necessary to have a higher virtue of judgment, which is called gnome (judging according to general law ), and which denotes a certain discrimination in judgment.']",reviewed_doctrinal,
edge.concept.guile.caused_by.concept.covetousness,concept.guile,Guile,vice,caused_by,concept.covetousness,Covetousness,vice,['ann.st-ii-ii-q055-a008-resp-concept-guile-caused-by-concept-covetousness'],['st.ii-ii.q055.a008.resp'],['explicit_textual'],['Therefore the aforesaid vices arise chiefly from covetousness .'],reviewed_doctrinal,
edge.concept.guile.caused_by.concept.craftiness,concept.guile,Guile,vice,caused_by,concept.craftiness,Craftiness,vice,['ann.st-ii-ii-q055-a004-resp-concept-guile-caused-by-concept-craftiness'],['st.ii-ii.q055.a004.resp'],['strong_textual_inference'],"['Hence guile denotes a certain execution of craftiness, and accordingly belongs thereto.']",reviewed_doctrinal,
edge.concept.guile.treated_in.st.ii-ii.q055.a004,concept.guile,Guile,vice,treated_in,st.ii-ii.q055.a004,II-II q.55 a.4 — Guile,article,['ann.st-ii-ii-q055-a004-resp-concept-guile-treated-in-st-ii-ii-q055-a004'],['st.ii-ii.q055.a004.resp'],['explicit_textual'],"['Secondly the adopting of such like ways may be considered with regard to their actual execution, and in this way it belongs to guile']",reviewed_doctrinal,
edge.concept.guile.treated_in.st.ii-ii.q055.a008,concept.guile,Guile,vice,treated_in,st.ii-ii.q055.a008,II-II q.55 a.8 — The origin of these vices,article,['ann.st-ii-ii-q055-a008-resp-concept-guile-treated-in-st-ii-ii-q055-a008'],['st.ii-ii.q055.a008.resp'],['explicit_textual'],"['II-II:47:13 ), carnal prudence and craftiness, as well as guile and fraud , bear a certain resemblance to prudence in some kind of use of the reason']",reviewed_doctrinal,
edge.concept.imprudence.opposed_by.concept.prudence,concept.imprudence,Imprudence,vice,opposed_by,concept.prudence,Prudence,virtue,['ann.st-ii-ii-q053-a001-resp-concept-imprudence-opposed-by-concept-prudence'],['st.ii-ii.q053.a001.resp'],['strong_textual_inference'],"[""Taken as a privation, imprudence denotes lack of that prudence which a man can and ought to have, and in this sense imprudence is a sin by reason of a man's negligence in striving to have prudence""]",reviewed_doctrinal,
edge.concept.imprudence.treated_in.st.ii-ii.q053.a001,concept.imprudence,Imprudence,vice,treated_in,st.ii-ii.q053.a001,II-II q.53 a.1 — Is imprudence a sin?,article,['ann.st-ii-ii-q053-a001-resp-concept-imprudence-treated-in-st-ii-ii-q053-a001'],['st.ii-ii.q053.a001.resp'],['explicit_textual'],"['Imprudence may be taken in two ways, first, as a privation, secondly, as a contrary']",reviewed_doctrinal,
edge.concept.imprudence.treated_in.st.ii-ii.q053.a002,concept.imprudence,Imprudence,vice,treated_in,st.ii-ii.q053.a002,II-II q.53 a.2 — Is it a special sin?,article,['ann.st-ii-ii-q053-a002-resp-concept-imprudence-treated-in-st-ii-ii-q053-a002'],['st.ii-ii.q053.a002.resp'],['explicit_textual'],"['On the first way, a vice may be said to be general on two counts: first, essentially , because it is predicated of all sins : and in this way imprudence is not a general sin , as neither is prudence a general virtue : since it is concerned with special acts, namely the very acts of reason: secondly, by participation']",reviewed_doctrinal,
edge.concept.imprudence.treated_in.st.ii-ii.q053.a003,concept.imprudence,Imprudence,vice,treated_in,st.ii-ii.q053.a003,II-II q.53 a.3 — Precipitation or temerity,article,['ann.st-ii-ii-q053-a003-resp-concept-imprudence-treated-in-st-ii-ii-q053-a003'],['st.ii-ii.q053.a003.resp'],['explicit_textual'],"['Since then inordinate counsel pertains to imprudence, it is evident that the vice of precipitation is contained under imprudence.']",reviewed_doctrinal,
edge.concept.imprudence.treated_in.st.ii-ii.q053.a004,concept.imprudence,Imprudence,vice,treated_in,st.ii-ii.q053.a004,II-II q.53 a.4 — Thoughtlessness,article,['ann.st-ii-ii-q053-a004-resp-concept-imprudence-treated-in-st-ii-ii-q053-a004'],['st.ii-ii.q053.a004.resp'],['strong_textual_inference'],"['Thought signifies the act of the intellect in considering the truth about. something. Now just as research belongs to the reason, so judgment belongs to the intellect . Wherefore in speculative matters a demonstrative science is said to exercise judgment, in s']",reviewed_doctrinal,
edge.concept.imprudence.treated_in.st.ii-ii.q053.a005,concept.imprudence,Imprudence,vice,treated_in,st.ii-ii.q053.a005,II-II q.53 a.5 — Inconstancy,article,['ann.st-ii-ii-q053-a005-resp-concept-imprudence-treated-in-st-ii-ii-q053-a005'],['st.ii-ii.q053.a005.resp'],['explicit_textual'],"['Now just as all rectitude of the practical reason belongs in some degree to prudence , so all lack of that rectitude belongs to imprudence']",reviewed_doctrinal,
edge.concept.imprudence.treated_in.st.ii-ii.q053.a006,concept.imprudence,Imprudence,vice,treated_in,st.ii-ii.q053.a006,II-II q.53 a.6 — The origin of these vices,article,['ann.st-ii-ii-q053-a006-resp-concept-imprudence-treated-in-st-ii-ii-q053-a006'],['st.ii-ii.q053.a006.resp'],['strong_textual_inference'],"['As the Philosopher states (Ethic. vi, 5) ""pleasure above all corrupts the estimate of prudence ,"" and chiefly sexual pleasure which absorbs the mind , and draws it to sensible delight. Now the perfection of prudence and of every intellectual virtue consists in']",reviewed_doctrinal,
edge.concept.inconstancy.caused_by.concept.lust,concept.inconstancy,Inconstancy,defect,caused_by,concept.lust,Lust,vice,['ann.st-ii-ii-q053-a006-resp-concept-inconstancy-caused-by-concept-lust'],['st.ii-ii.q053.a006.resp'],['explicit_textual'],"['Wherefore, since the aforesaid vices involve a defect of prudence and of the practical reason, as stated above (Articles 2 and 5 ), it follows that they arise chiefly from lust .']",reviewed_doctrinal,
edge.concept.inconstancy.contrary_to.concept.command,concept.inconstancy,Inconstancy,defect,contrary_to,concept.command,Command,act,['ann.st-ii-ii-q053-a005-resp-concept-inconstancy-contrary-to-concept-command'],['st.ii-ii.q053.a005.resp'],['explicit_textual'],"['And just as precipitation is due to a defect in the act of counsel, and thoughtlessness to a defect in the act of judgment, so inconstancy arises from a defect in the act of command']",reviewed_doctrinal,
edge.concept.inconstancy.species_of.concept.imprudence,concept.inconstancy,Inconstancy,defect,species_of,concept.imprudence,Imprudence,vice,['ann.st-ii-ii-q053-a005-resp-concept-inconstancy-species-of-concept-imprudence'],['st.ii-ii.q053.a005.resp'],['explicit_textual'],"['Now just as all rectitude of the practical reason belongs in some degree to prudence , so all lack of that rectitude belongs to imprudence']",reviewed_doctrinal,
edge.concept.inconstancy.treated_in.st.ii-ii.q053.a005,concept.inconstancy,Inconstancy,defect,treated_in,st.ii-ii.q053.a005,II-II q.53 a.5 — Inconstancy,article,['ann.st-ii-ii-q053-a005-resp-concept-inconstancy-treated-in-st-ii-ii-q053-a005'],['st.ii-ii.q053.a005.resp'],['explicit_textual'],['Inconstancy denotes withdrawal from a definite good purpose'],reviewed_doctrinal,
edge.concept.intelligence.integral_part_of.concept.prudence,concept.intelligence,Understanding or Intelligence,prudence_part,integral_part_of,concept.prudence,Prudence,virtue,['ann.st-ii-ii-q048-a001-resp-concept-intelligence-integral-part-of-concept-prudence'],['st.ii-ii.q048.a001.resp'],['explicit_textual'],"['For the ""sense"" of prudence is also called ""understanding"": wherefore the Philosopher says (Ethic']",reviewed_doctrinal,integral
edge.concept.intelligence.treated_in.st.ii-ii.q048.a001,concept.intelligence,Understanding or Intelligence,prudence_part,treated_in,st.ii-ii.q048.a001,"II-II q.48 a.1 — The three parts of prudence: integral, subjective, and potential",article,['ann.st-ii-ii-q048-a001-resp-concept-intelligence-treated-in-st-ii-ii-q048-a001'],['st.ii-ii.q048.a001.resp'],['explicit_textual'],"['For the ""sense"" of prudence is also called ""understanding"": wherefore the Philosopher says (Ethic']",reviewed_doctrinal,
edge.concept.intelligence.treated_in.st.ii-ii.q049.a002,concept.intelligence,Understanding or Intelligence,prudence_part,treated_in,st.ii-ii.q049.a002,II-II q.49 a.2 — Understanding or Intelligence,article,['ann.st-ii-ii-q049-a002-resp-concept-intelligence-treated-in-st-ii-ii-q049-a002'],['st.ii-ii.q049.a002.resp'],['explicit_textual'],"['Understanding denotes here, not the intellectual power, but the right estimate about some final principle, which is taken as self-evident: thus we are said to understand the first principles of demonstrations']",reviewed_doctrinal,
edge.concept.lust.treated_in.st.ii-ii.q053.a006,concept.lust,Lust,vice,treated_in,st.ii-ii.q053.a006,II-II q.53 a.6 — The origin of these vices,article,['ann.st-ii-ii-q053-a006-resp-concept-lust-treated-in-st-ii-ii-q053-a006'],['st.ii-ii.q053.a006.resp'],['explicit_textual'],"['Wherefore, since the aforesaid vices involve a defect of prudence and of the practical reason, as stated above (Articles 2 and 5 ), it follows that they arise chiefly from lust .']",reviewed_doctrinal,
edge.concept.memory.integral_part_of.concept.prudence,concept.memory,Memory,prudence_part,integral_part_of,concept.prudence,Prudence,virtue,['ann.st-ii-ii-q048-a001-resp-concept-memory-integral-part-of-concept-prudence'],['st.ii-ii.q048.a001.resp'],['explicit_textual'],"['"" memory "" mentioned by Tully']",reviewed_doctrinal,integral
edge.concept.memory.treated_in.st.ii-ii.q048.a001,concept.memory,Memory,prudence_part,treated_in,st.ii-ii.q048.a001,"II-II q.48 a.1 — The three parts of prudence: integral, subjective, and potential",article,['ann.st-ii-ii-q048-a001-resp-concept-memory-treated-in-st-ii-ii-q048-a001'],['st.ii-ii.q048.a001.resp'],['explicit_textual'],"['"" memory "" mentioned by Tully']",reviewed_doctrinal,
edge.concept.memory.treated_in.st.ii-ii.q049.a001,concept.memory,Memory,prudence_part,treated_in,st.ii-ii.q049.a001,II-II q.49 a.1 — Memory,article,['ann.st-ii-ii-q049-a001-resp-concept-memory-treated-in-st-ii-ii-q049-a001'],['st.ii-ii.q049.a001.resp'],['explicit_textual'],"['i, 1, and therefore prudence requires the memory of many things']",reviewed_doctrinal,
edge.concept.mercy_beatitude.treated_in.st.ii-ii.q052.a004,concept.mercy_beatitude,Beatitude of Mercy,beatitude,treated_in,st.ii-ii.q052.a004,"II-II q.52 a.4 — Does the fifth beatitude, ""Blessed are the merciful,"" etc. correspond to the gift of counsel?",article,['ann.st-ii-ii-q052-a004-resp-concept-mercy-beatitude-treated-in-st-ii-ii-q052-a004'],['st.ii-ii.q052.a004.resp'],['explicit_textual'],"['Now such is mercy, according to 1 Timothy 4:8 , "" Godliness [\'Pietas,\' which our English word \'pity,\' which is the same as mercy']",reviewed_doctrinal,
edge.concept.military_prudence.subjective_part_of.concept.prudence,concept.military_prudence,Military Prudence,prudence_part,subjective_part_of,concept.prudence,Prudence,virtue,"['ann.st-ii-ii-q048-a001-resp-concept-military-prudence-subjective-part-of-concept-prudence', 'ann.st-ii-ii-q050-a004-resp-concept-military-prudence-subjective-part-of-concept-prudence']","['st.ii-ii.q048.a001.resp', 'st.ii-ii.q050.a004.resp']",['explicit_textual'],"['thus an army is gathered together to fight, and the prudence that governs this is called ""military."" There is also the multitude that is united together for the whole of life', 'Therefore in those things also which are in accordance with reason, there should be not only ""political"" prudence , which disposes in a suitable manner such things as belong to the common good , but also a ""military"" prudence , whereby hostile attacks are repelled.']",reviewed_doctrinal,subjective
edge.concept.military_prudence.treated_in.st.ii-ii.q048.a001,concept.military_prudence,Military Prudence,prudence_part,treated_in,st.ii-ii.q048.a001,"II-II q.48 a.1 — The three parts of prudence: integral, subjective, and potential",article,['ann.st-ii-ii-q048-a001-resp-concept-military-prudence-treated-in-st-ii-ii-q048-a001'],['st.ii-ii.q048.a001.resp'],['explicit_textual'],"['thus an army is gathered together to fight, and the prudence that governs this is called ""military."" There is also the multitude that is united together for the whole of life']",reviewed_doctrinal,
edge.concept.military_prudence.treated_in.st.ii-ii.q050.a004,concept.military_prudence,Military Prudence,prudence_part,treated_in,st.ii-ii.q050.a004,II-II q.50 a.4 — Is military prudence?,article,['ann.st-ii-ii-q050-a004-resp-concept-military-prudence-treated-in-st-ii-ii-q050-a004'],['st.ii-ii.q050.a004.resp'],['explicit_textual'],"['Therefore in those things also which are in accordance with reason, there should be not only ""political"" prudence , which disposes in a suitable manner such things as belong to the common good , but also a ""military"" prudence , whereby hostile attacks are repelled.']",reviewed_doctrinal,
edge.concept.negligence.contrary_to.concept.solicitude,concept.negligence,Negligence,defect,contrary_to,concept.solicitude,Solicitude,act,['ann.st-ii-ii-q054-a002-resp-concept-negligence-contrary-to-concept-solicitude'],['st.ii-ii.q054.a002.resp'],['explicit_textual'],['Negligence is directly opposed to solicitude'],reviewed_doctrinal,
edge.concept.negligence.species_of.concept.imprudence,concept.negligence,Negligence,defect,species_of,concept.imprudence,Imprudence,vice,['ann.st-ii-ii-q054-a002-resp-concept-negligence-species-of-concept-imprudence'],['st.ii-ii.q054.a002.resp'],['explicit_textual'],"['Hence, on the other hand, negligence pertains to imprudence']",reviewed_doctrinal,
edge.concept.negligence.treated_in.st.ii-ii.q054.a001,concept.negligence,Negligence,defect,treated_in,st.ii-ii.q054.a001,II-II q.54 a.1 — Is negligence a special sin?,article,['ann.st-ii-ii-q054-a001-resp-concept-negligence-treated-in-st-ii-ii-q054-a001'],['st.ii-ii.q054.a001.resp'],['explicit_textual'],['Negligence denotes lack of due solicitude'],reviewed_doctrinal,
edge.concept.negligence.treated_in.st.ii-ii.q054.a002,concept.negligence,Negligence,defect,treated_in,st.ii-ii.q054.a002,II-II q.54 a.2 — To which virtue is it opposed?,article,['ann.st-ii-ii-q054-a002-resp-concept-negligence-treated-in-st-ii-ii-q054-a002'],['st.ii-ii.q054.a002.resp'],['explicit_textual'],['Negligence is directly opposed to solicitude'],reviewed_doctrinal,
edge.concept.negligence.treated_in.st.ii-ii.q054.a003,concept.negligence,Negligence,defect,treated_in,st.ii-ii.q054.a003,II-II q.54 a.3 — Is negligence a mortal sin?,article,['ann.st-ii-ii-q054-a003-resp-concept-negligence-treated-in-st-ii-ii-q054-a003'],['st.ii-ii.q054.a003.resp'],['explicit_textual'],"['As stated above ( Article 2, Reply to Objection 3 ), negligence arises out of a certain remissness of the will , the result being a lack of solicitude on the part of the reason in commanding what it should command, or as it should command']",reviewed_doctrinal,
edge.concept.political_prudence.subjective_part_of.concept.prudence,concept.political_prudence,Political Prudence,prudence_part,subjective_part_of,concept.prudence,Prudence,virtue,"['ann.st-ii-ii-q048-a001-resp-concept-political-prudence-subjective-part-of-concept-prudence', 'ann.st-ii-ii-q050-a002-resp-concept-political-prudence-subjective-part-of-concept-prudence']","['st.ii-ii.q048.a001.resp', 'st.ii-ii.q050.a002.resp']",['explicit_textual'],"['such is the multitude of a home or family , and this is ruled by ""domestic prudence "": and such again is the multitude of a city or kingdom, the ruling principle of which is ""regnative prudence "" in the ruler, and ""political prudence ,"" simply so called, in the subjects', 'and to this belongs that species of prudence which is called political.']",reviewed_doctrinal,subjective
edge.concept.political_prudence.treated_in.st.ii-ii.q048.a001,concept.political_prudence,Political Prudence,prudence_part,treated_in,st.ii-ii.q048.a001,"II-II q.48 a.1 — The three parts of prudence: integral, subjective, and potential",article,['ann.st-ii-ii-q048-a001-resp-concept-political-prudence-treated-in-st-ii-ii-q048-a001'],['st.ii-ii.q048.a001.resp'],['explicit_textual'],"['such is the multitude of a home or family , and this is ruled by ""domestic prudence "": and such again is the multitude of a city or kingdom, the ruling principle of which is ""regnative prudence "" in the ruler, and ""political prudence ,"" simply so called, in the subjects']",reviewed_doctrinal,
edge.concept.political_prudence.treated_in.st.ii-ii.q050.a002,concept.political_prudence,Political Prudence,prudence_part,treated_in,st.ii-ii.q050.a002,II-II q.50 a.2 — Is political economy a species of prudence?,article,['ann.st-ii-ii-q050-a002-resp-concept-political-prudence-treated-in-st-ii-ii-q050-a002'],['st.ii-ii.q050.a002.resp'],['explicit_textual'],['and to this belongs that species of prudence which is called political.'],reviewed_doctrinal,
edge.concept.practical_reason.treated_in.st.ii-ii.q047.a002,concept.practical_reason,Practical Reason,faculty,treated_in,st.ii-ii.q047.a002,"II-II q.47 a.2 — If in the reason, is it only in the practical, or also in the speculative reason?",article,['ann.st-ii-ii-q047-a002-resp-concept-practical-reason-treated-in-st-ii-ii-q047-a002'],['st.ii-ii.q047.a002.resp'],['explicit_textual'],"['vi, 5) ""a prudent man is one who is capable of taking good counsel."" Now counsel is about things that we have to do in relation to some end: and the reason that deals with things to be done for an end is the practical reason']",reviewed_doctrinal,
edge.concept.precipitation.caused_by.concept.lust,concept.precipitation,Precipitation or Temerity,defect,caused_by,concept.lust,Lust,vice,['ann.st-ii-ii-q053-a006-resp-concept-precipitation-caused-by-concept-lust'],['st.ii-ii.q053.a006.resp'],['explicit_textual'],"['Wherefore, since the aforesaid vices involve a defect of prudence and of the practical reason, as stated above (Articles 2 and 5 ), it follows that they arise chiefly from lust .']",reviewed_doctrinal,
edge.concept.precipitation.species_of.concept.imprudence,concept.precipitation,Precipitation or Temerity,defect,species_of,concept.imprudence,Imprudence,vice,['ann.st-ii-ii-q053-a003-resp-concept-precipitation-species-of-concept-imprudence'],['st.ii-ii.q053.a003.resp'],['explicit_textual'],"['Since then inordinate counsel pertains to imprudence, it is evident that the vice of precipitation is contained under imprudence.']",reviewed_doctrinal,
edge.concept.precipitation.treated_in.st.ii-ii.q053.a003,concept.precipitation,Precipitation or Temerity,defect,treated_in,st.ii-ii.q053.a003,II-II q.53 a.3 — Precipitation or temerity,article,['ann.st-ii-ii-q053-a003-resp-concept-precipitation-treated-in-st-ii-ii-q053-a003'],['st.ii-ii.q053.a003.resp'],['explicit_textual'],"['Precipitation is ascribed metaphorically to acts of the soul , by way of similitude to bodily movement']",reviewed_doctrinal,
edge.concept.prudence.directed_to.concept.common_good,concept.prudence,Prudence,virtue,directed_to,concept.common_good,Common Good,end,['ann.st-ii-ii-q047-a010-resp-concept-prudence-directed-to-concept-common-good'],['st.ii-ii.q047.a010.resp'],['explicit_textual'],"['vi, 8) some have held that prudence does not extend to the common good , but only to the good of the individual , and this because they thought that man is not bound to seek other than his own good']",reviewed_doctrinal,
edge.concept.prudence.has_act.concept.command,concept.prudence,Prudence,virtue,has_act,concept.command,Command,act,['ann.st-ii-ii-q047-a008-resp-concept-prudence-has-act-concept-command'],['st.ii-ii.q047.a008.resp'],['explicit_textual'],['Hence that which is the chief act of reason in regard to action must needs be the chief act of prudence'],reviewed_doctrinal,
edge.concept.prudence.has_act.concept.solicitude,concept.prudence,Prudence,virtue,has_act,concept.solicitude,Solicitude,act,['ann.st-ii-ii-q047-a009-resp-concept-prudence-has-act-concept-solicitude'],['st.ii-ii.q047.a009.resp'],['explicit_textual'],"['Now this belongs to prudence , whose chief act is a command about what has been already counselled and judged in matters of action']",reviewed_doctrinal,
edge.concept.prudence.perfected_by.concept.counsel_gift,concept.prudence,Prudence,virtue,perfected_by,concept.counsel_gift,Gift of Counsel,gift_holy_spirit,['ann.st-ii-ii-q052-a002-resp-concept-prudence-perfected-by-concept-counsel-gift'],['st.ii-ii.q052.a002.resp'],['explicit_textual'],"['Consequently prudence , which denotes rectitude of reason , is chiefly perfected and helped through being ruled and moved by the Holy Ghost , and this belongs to the gift of counsel, as stated above ( Article 1 )']",reviewed_doctrinal,
edge.concept.prudence.resides_in.concept.practical_reason,concept.prudence,Prudence,virtue,resides_in,concept.practical_reason,Practical Reason,faculty,['ann.st-ii-ii-q047-a002-resp-concept-prudence-resides-in-concept-practical-reason'],['st.ii-ii.q047.a002.resp'],['explicit_textual'],['Hence it is evident that prudence resides only in the practical reason.'],reviewed_doctrinal,
edge.concept.prudence.resides_in.concept.reason_faculty,concept.prudence,Prudence,virtue,resides_in,concept.reason_faculty,Reason,faculty,['ann.st-ii-ii-q047-a001-resp-concept-prudence-resides-in-concept-reason-faculty'],['st.ii-ii.q047.a001.resp'],['strong_textual_inference'],"['Wherefore it is manifest that prudence belongs directly to the cognitive, and not to the sensitive faculty, because by the latter we know nothing but what is within reach and offers itself to the senses: while to obtain knowledge of the future from knowledge of the present or past, which pertains to prudence , belongs properly to the reason, because this is done by a process of comparison']",reviewed_doctrinal,
edge.concept.prudence.treated_in.st.ii-ii.q047.a001,concept.prudence,Prudence,virtue,treated_in,st.ii-ii.q047.a001,II-II q.47 a.1 — Is prudence in the will or in the reason?,article,['ann.st-ii-ii-q047-a001-resp-concept-prudence-treated-in-st-ii-ii-q047-a001'],['st.ii-ii.q047.a001.resp'],['explicit_textual'],"['Wherefore it is manifest that prudence belongs directly to the cognitive, and not to the sensitive faculty, because by the latter we know nothing but what is within reach and offers itself to the senses: while to obtain knowledge of the future from knowledge of the present or past, which pertains to prudence , belongs properly to the reason, because this is done by a process of comparison']",reviewed_doctrinal,
edge.concept.prudence.treated_in.st.ii-ii.q047.a002,concept.prudence,Prudence,virtue,treated_in,st.ii-ii.q047.a002,"II-II q.47 a.2 — If in the reason, is it only in the practical, or also in the speculative reason?",article,['ann.st-ii-ii-q047-a002-resp-concept-prudence-treated-in-st-ii-ii-q047-a002'],['st.ii-ii.q047.a002.resp'],['explicit_textual'],['Hence it is evident that prudence resides only in the practical reason.'],reviewed_doctrinal,
edge.concept.prudence.treated_in.st.ii-ii.q047.a003,concept.prudence,Prudence,virtue,treated_in,st.ii-ii.q047.a003,II-II q.47 a.3 — Does it take cognizance of singulars?,article,['ann.st-ii-ii-q047-a003-resp-concept-prudence-treated-in-st-ii-ii-q047-a003'],['st.ii-ii.q047.a003.resp'],['explicit_textual'],"['As stated above ( Article 1, Reply to Objection 3 ), to prudence belongs not only the consideration of the reason, but also the application to action, which is the end of the practical reason']",reviewed_doctrinal,
edge.concept.prudence.treated_in.st.ii-ii.q047.a004,concept.prudence,Prudence,virtue,treated_in,st.ii-ii.q047.a004,II-II q.47 a.4 — Is it virtue?,article,['ann.st-ii-ii-q047-a004-resp-concept-prudence-treated-in-st-ii-ii-q047-a004'],['st.ii-ii.q047.a004.resp'],['explicit_textual'],"['Now it belongs to prudence , as stated above ( Article 1, Reply to Objection 3']",reviewed_doctrinal,
edge.concept.prudence.treated_in.st.ii-ii.q047.a005,concept.prudence,Prudence,virtue,treated_in,st.ii-ii.q047.a005,II-II q.47 a.5 — Is it a special virtue?,article,['ann.st-ii-ii-q047-a005-resp-concept-prudence-treated-in-st-ii-ii-q047-a005'],['st.ii-ii.q047.a005.resp'],['explicit_textual'],"['Accordingly we must say that since prudence is in the reason, as stated above ( Article 2 ), it is differentiated from the other intellectual virtues by a material difference of objects']",reviewed_doctrinal,
edge.concept.prudence.treated_in.st.ii-ii.q047.a006,concept.prudence,Prudence,virtue,treated_in,st.ii-ii.q047.a006,II-II q.47 a.6 — Does it appoint the end to the moral virtues?,article,['ann.st-ii-ii-q047-a006-resp-concept-prudence-treated-in-st-ii-ii-q047-a006'],['st.ii-ii.q047.a006.resp'],['explicit_textual'],"['About these is prudence , which applies universal principles to the particular conclusions of practical matters']",reviewed_doctrinal,
edge.concept.prudence.treated_in.st.ii-ii.q047.a007,concept.prudence,Prudence,virtue,treated_in,st.ii-ii.q047.a007,II-II q.47 a.7 — Does it fix the mean in the moral virtues?,article,['ann.st-ii-ii-q047-a007-resp-concept-prudence-treated-in-st-ii-ii-q047-a007'],['st.ii-ii.q047.a007.resp'],['explicit_textual'],['But it belongs to the ruling of prudence to decide in what manner and by what means man shall obtain the mean of reason in his deeds'],reviewed_doctrinal,
edge.concept.prudence.treated_in.st.ii-ii.q047.a008,concept.prudence,Prudence,virtue,treated_in,st.ii-ii.q047.a008,II-II q.47 a.8 — Is its proper act command?,article,['ann.st-ii-ii-q047-a008-resp-concept-prudence-treated-in-st-ii-ii-q047-a008'],['st.ii-ii.q047.a008.resp'],['explicit_textual'],"['Prudence is ""right reason applied to action,"" as stated above ( Article 2 )']",reviewed_doctrinal,
edge.concept.prudence.treated_in.st.ii-ii.q047.a009,concept.prudence,Prudence,virtue,treated_in,st.ii-ii.q047.a009,II-II q.47 a.9 — Does solicitude or watchfulness belong to prudence?,article,['ann.st-ii-ii-q047-a009-resp-concept-prudence-treated-in-st-ii-ii-q047-a009'],['st.ii-ii.q047.a009.resp'],['explicit_textual'],"['Now this belongs to prudence , whose chief act is a command about what has been already counselled and judged in matters of action']",reviewed_doctrinal,
edge.concept.prudence.treated_in.st.ii-ii.q047.a010,concept.prudence,Prudence,virtue,treated_in,st.ii-ii.q047.a010,II-II q.47 a.10 — Does prudence extend to the governing of many?,article,['ann.st-ii-ii-q047-a010-resp-concept-prudence-treated-in-st-ii-ii-q047-a010'],['st.ii-ii.q047.a010.resp'],['explicit_textual'],"['vi, 8) some have held that prudence does not extend to the common good , but only to the good of the individual , and this because they thought that man is not bound to seek other than his own good']",reviewed_doctrinal,
edge.concept.prudence.treated_in.st.ii-ii.q047.a011,concept.prudence,Prudence,virtue,treated_in,st.ii-ii.q047.a011,II-II q.47 a.11 — Is the prudence which regards private good the same in species as that which regards the common good?,article,['ann.st-ii-ii-q047-a011-resp-concept-prudence-treated-in-st-ii-ii-q047-a011'],['st.ii-ii.q047.a011.resp'],['explicit_textual'],"['Wherefore there must needs be different species of prudence corresponding to these different ends, so that one is "" prudence "" simply so called, which is directed to one\'s own good']",reviewed_doctrinal,
edge.concept.prudence.treated_in.st.ii-ii.q047.a012,concept.prudence,Prudence,virtue,treated_in,st.ii-ii.q047.a012,"II-II q.47 a.12 — Is prudence in subjects, or only in their rulers?",article,['ann.st-ii-ii-q047-a012-resp-concept-prudence-treated-in-st-ii-ii-q047-a012'],['st.ii-ii.q047.a012.resp'],['explicit_textual'],['Prudence is in the reason'],reviewed_doctrinal,
edge.concept.prudence.treated_in.st.ii-ii.q047.a013,concept.prudence,Prudence,virtue,treated_in,st.ii-ii.q047.a013,II-II q.47 a.13 — Is prudence in the wicked?,article,['ann.st-ii-ii-q047-a013-resp-concept-prudence-treated-in-st-ii-ii-q047-a013'],['st.ii-ii.q047.a013.resp'],['explicit_textual'],['Prudence is threefold'],reviewed_doctrinal,
edge.concept.prudence.treated_in.st.ii-ii.q047.a014,concept.prudence,Prudence,virtue,treated_in,st.ii-ii.q047.a014,II-II q.47 a.14 — Is prudence in all good men?,article,['ann.st-ii-ii-q047-a014-resp-concept-prudence-treated-in-st-ii-ii-q047-a014'],['st.ii-ii.q047.a014.resp'],['explicit_textual'],"['Now whoever has grace has charity , so that he must needs have all the other virtues , and hence, since prudence is a virtue , as shown above ( Article 4 ), he must, of necessity , have prudence also.']",reviewed_doctrinal,
edge.concept.prudence.treated_in.st.ii-ii.q047.a015,concept.prudence,Prudence,virtue,treated_in,st.ii-ii.q047.a015,II-II q.47 a.15 — Is prudence in us naturally?,article,['ann.st-ii-ii-q047-a015-resp-concept-prudence-treated-in-st-ii-ii-q047-a015'],['st.ii-ii.q047.a015.resp'],['explicit_textual'],"['As shown above ( Article 3 ), prudence includes knowledge both of universals, and of the singular matters of action to which prudence applies the universal principles']",reviewed_doctrinal,
edge.concept.prudence.treated_in.st.ii-ii.q047.a016,concept.prudence,Prudence,virtue,treated_in,st.ii-ii.q047.a016,II-II q.47 a.16 — Is prudence lost by forgetfulness?,article,['ann.st-ii-ii-q047-a016-resp-concept-prudence-treated-in-st-ii-ii-q047-a016'],['st.ii-ii.q047.a016.resp'],['explicit_textual'],"['But prudence consists not in knowledge alone, but also in an act of the appetite , because as stated above ( Article 8 ), its principal act is one of command, whereby a man applies the knowledge he has, to the purpose of appetition and operation']",reviewed_doctrinal,
edge.concept.prudence.treated_in.st.ii-ii.q048.a001,concept.prudence,Prudence,virtue,treated_in,st.ii-ii.q048.a001,"II-II q.48 a.1 — The three parts of prudence: integral, subjective, and potential",article,['ann.st-ii-ii-q048-a001-resp-concept-prudence-treated-in-st-ii-ii-q048-a001'],['st.ii-ii.q048.a001.resp'],['explicit_textual'],"['On this way, out of all the things mentioned above, eight may be taken as parts of prudence , namely, the six assigned by Macrobius']",reviewed_doctrinal,
edge.concept.prudence.treated_in.st.ii-ii.q049.a001,concept.prudence,Prudence,virtue,treated_in,st.ii-ii.q049.a001,II-II q.49 a.1 — Memory,article,['ann.st-ii-ii-q049-a001-resp-concept-prudence-treated-in-st-ii-ii-q049-a001'],['st.ii-ii.q049.a001.resp'],['explicit_textual'],"['Prudence regards contingent matters of action, as stated above ( II-II:47:5 )']",reviewed_doctrinal,
edge.concept.prudence.treated_in.st.ii-ii.q049.a002,concept.prudence,Prudence,virtue,treated_in,st.ii-ii.q049.a002,II-II q.49 a.2 — Understanding or Intelligence,article,['ann.st-ii-ii-q049-a002-resp-concept-prudence-treated-in-st-ii-ii-q049-a002'],['st.ii-ii.q049.a002.resp'],['explicit_textual'],"['Therefore since prudence is right reason applied to action, the whole process of prudence must needs have its source in understanding']",reviewed_doctrinal,
edge.concept.prudence.treated_in.st.ii-ii.q049.a003,concept.prudence,Prudence,virtue,treated_in,st.ii-ii.q049.a003,II-II q.49 a.3 — Docility,article,['ann.st-ii-ii-q049-a003-resp-concept-prudence-treated-in-st-ii-ii-q049-a003'],['st.ii-ii.q049.a003.resp'],['explicit_textual'],"['II-II:47:3 ) prudence is concerned with particular matters of action, and since such matters are of infinite variety, no one man can consider them all sufficiently']",reviewed_doctrinal,
edge.concept.prudence.treated_in.st.ii-ii.q049.a004,concept.prudence,Prudence,virtue,treated_in,st.ii-ii.q049.a004,II-II q.49 a.4 — Shrewdness,article,['ann.st-ii-ii-q049-a004-resp-concept-prudence-treated-in-st-ii-ii-q049-a004'],['st.ii-ii.q049.a004.resp'],['explicit_textual'],['Prudence consists in a right estimate about matters of action'],reviewed_doctrinal,
edge.concept.prudence.treated_in.st.ii-ii.q049.a005,concept.prudence,Prudence,virtue,treated_in,st.ii-ii.q049.a005,II-II q.49 a.5 — Reason,article,['ann.st-ii-ii-q049-a005-resp-concept-prudence-treated-in-st-ii-ii-q049-a005'],['st.ii-ii.q049.a005.resp'],['explicit_textual'],"['The work of prudence is to take good counsel, as stated in Ethic']",reviewed_doctrinal,
edge.concept.prudence.treated_in.st.ii-ii.q049.a006,concept.prudence,Prudence,virtue,treated_in,st.ii-ii.q049.a006,II-II q.49 a.6 — foresight,article,['ann.st-ii-ii-q049-a006-resp-concept-prudence-treated-in-st-ii-ii-q049-a006'],['st.ii-ii.q049.a006.resp'],['explicit_textual'],"['As stated above ( 47, 1, ad 2, 6,13 ), prudence is properly about the means to an end, and its proper work is to set them in due order to the end']",reviewed_doctrinal,
edge.concept.prudence.treated_in.st.ii-ii.q049.a007,concept.prudence,Prudence,virtue,treated_in,st.ii-ii.q049.a007,II-II q.49 a.7 — Circumspection,article,['ann.st-ii-ii-q049-a007-resp-concept-prudence-treated-in-st-ii-ii-q049-a007'],['st.ii-ii.q049.a007.resp'],['explicit_textual'],"['As stated above ( Article 6 ), it belongs to prudence chiefly to direct something aright to an end']",reviewed_doctrinal,
edge.concept.prudence.treated_in.st.ii-ii.q049.a008,concept.prudence,Prudence,virtue,treated_in,st.ii-ii.q049.a008,II-II q.49 a.8 — Caution,article,['ann.st-ii-ii-q049-a008-resp-concept-prudence-treated-in-st-ii-ii-q049-a008'],['st.ii-ii.q049.a008.resp'],['explicit_textual'],"['The things with which prudence is concerned, are contingent matters of action, wherein, even as false is found with true , so is evil mingled with good , on account of the great variety of these matters of action, wherein good is often hindered by evil , and evil has the appearance of good']",reviewed_doctrinal,
edge.concept.prudence.treated_in.st.ii-ii.q050.a001,concept.prudence,Prudence,virtue,treated_in,st.ii-ii.q050.a001,II-II q.50 a.1 — Is a species of prudence regnative?,article,['ann.st-ii-ii-q050-a001-resp-concept-prudence-treated-in-st-ii-ii-q050-a001'],['st.ii-ii.q050.a001.resp'],['explicit_textual'],"['As stated above ( II-II:47:10 ), it belongs to prudence to govern and command, so that wherever in human acts we find a special kind of governance and command, there must be a special kind of prudence']",reviewed_doctrinal,
edge.concept.prudence.treated_in.st.ii-ii.q050.a002,concept.prudence,Prudence,virtue,treated_in,st.ii-ii.q050.a002,II-II q.50 a.2 — Is political economy a species of prudence?,article,['ann.st-ii-ii-q050-a002-resp-concept-prudence-treated-in-st-ii-ii-q050-a002'],['st.ii-ii.q050.a002.resp'],['explicit_textual'],['and to this belongs that species of prudence which is called political.'],reviewed_doctrinal,
edge.concept.prudence.treated_in.st.ii-ii.q050.a003,concept.prudence,Prudence,virtue,treated_in,st.ii-ii.q050.a003,II-II q.50 a.3 — Is domestic economy a species of prudence?,article,['ann.st-ii-ii-q050-a003-resp-concept-prudence-treated-in-st-ii-ii-q050-a003'],['st.ii-ii.q050.a003.resp'],['explicit_textual'],"['And therefore, just as prudence commonly so called which governs the individual , is distinct from political prudence , so must domestic prudence be distinct from both.']",reviewed_doctrinal,
edge.concept.prudence.treated_in.st.ii-ii.q050.a004,concept.prudence,Prudence,virtue,treated_in,st.ii-ii.q050.a004,II-II q.50 a.4 — Is military prudence?,article,['ann.st-ii-ii-q050-a004-resp-concept-prudence-treated-in-st-ii-ii-q050-a004'],['st.ii-ii.q050.a004.resp'],['explicit_textual'],"['Therefore in those things also which are in accordance with reason, there should be not only ""political"" prudence , which disposes in a suitable manner such things as belong to the common good , but also a ""military"" prudence , whereby hostile attacks are repelled.']",reviewed_doctrinal,
edge.concept.prudence.treated_in.st.ii-ii.q051.a001,concept.prudence,Prudence,virtue,treated_in,st.ii-ii.q051.a001,II-II q.51 a.1 — Is euboulia a virtue?,article,['ann.st-ii-ii-q051-a001-resp-concept-prudence-treated-in-st-ii-ii-q051-a001'],['st.ii-ii.q051.a001.resp'],['strong_textual_inference'],"['As stated above ( II-II:47:4 ) the nature of a human virtue consists in making a human act good . Now among the acts of man , it is proper to him to take counsel, since this denotes a research of the reason about the actions he has to perform and whereof human']",reviewed_doctrinal,
edge.concept.prudence.treated_in.st.ii-ii.q051.a002,concept.prudence,Prudence,virtue,treated_in,st.ii-ii.q051.a002,"II-II q.51 a.2 — Is it a special virtue, distinct from prudence?",article,['ann.st-ii-ii-q051-a002-resp-concept-prudence-treated-in-st-ii-ii-q051-a002'],['st.ii-ii.q051.a002.resp'],['explicit_textual'],"['Consequently euboulia (deliberating well) which makes man take good counsel must needs be a distinct virtue from prudence , which makes man command well']",reviewed_doctrinal,
edge.concept.prudence.treated_in.st.ii-ii.q051.a003,concept.prudence,Prudence,virtue,treated_in,st.ii-ii.q051.a003,II-II q.51 a.3 — Is synesis a special virtue?,article,['ann.st-ii-ii-q051-a003-resp-concept-prudence-treated-in-st-ii-ii-q051-a003'],['st.ii-ii.q051.a003.resp'],['explicit_textual'],"['synesis (judging well according to common law ) signifies a right judgment, not indeed about speculative matters, but about particular practical matters, about which also is prudence']",reviewed_doctrinal,
edge.concept.prudence.treated_in.st.ii-ii.q051.a004,concept.prudence,Prudence,virtue,treated_in,st.ii-ii.q051.a004,II-II q.51 a.4 — Is gnome a special virtue?,article,['ann.st-ii-ii-q051-a004-resp-concept-prudence-treated-in-st-ii-ii-q051-a004'],['st.ii-ii.q051.a004.resp'],['strong_textual_inference'],"['cognitive habits differ according to higher and lower principles: thus in speculative matters wisdom considers higher principles than science does, and consequently is distinguished from it; and so must it be also in practical matters. Now it is evident that w']",reviewed_doctrinal,
edge.concept.prudence.treated_in.st.ii-ii.q052.a002,concept.prudence,Prudence,virtue,treated_in,st.ii-ii.q052.a002,II-II q.52 a.2 — Does the gift of counsel correspond to prudence?,article,['ann.st-ii-ii-q052-a002-resp-concept-prudence-treated-in-st-ii-ii-q052-a002'],['st.ii-ii.q052.a002.resp'],['explicit_textual'],"['Consequently prudence , which denotes rectitude of reason , is chiefly perfected and helped through being ruled and moved by the Holy Ghost , and this belongs to the gift of counsel, as stated above ( Article 1 )']",reviewed_doctrinal,
edge.concept.prudence.treated_in.st.ii-ii.q054.a002,concept.prudence,Prudence,virtue,treated_in,st.ii-ii.q054.a002,II-II q.54 a.2 — To which virtue is it opposed?,article,['ann.st-ii-ii-q054-a002-resp-concept-prudence-treated-in-st-ii-ii-q054-a002'],['st.ii-ii.q054.a002.resp'],['explicit_textual'],"['Now solicitude pertains to the reason, and rectitude of solicitude to prudence']",reviewed_doctrinal,
edge.concept.prudence.treated_in.st.ii-ii.q055.a001,concept.prudence,Prudence,virtue,treated_in,st.ii-ii.q055.a001,II-II q.55 a.1 — Is prudence of the flesh a sin?,article,['ann.st-ii-ii-q055-a001-resp-concept-prudence-treated-in-st-ii-ii-q055-a001'],['st.ii-ii.q055.a001.resp'],['explicit_textual'],"['As stated above ( II-II:47:13 ), prudence regards things which are directed to the end of life as a whole']",reviewed_doctrinal,
edge.concept.prudence.treated_in.st.ii-ii.q055.a003,concept.prudence,Prudence,virtue,treated_in,st.ii-ii.q055.a003,II-II q.55 a.3 — Is craftiness a special sin?,article,['ann.st-ii-ii-q055-a003-resp-concept-prudence-treated-in-st-ii-ii-q055-a003'],['st.ii-ii.q055.a003.resp'],['explicit_textual'],"['Prudence is ""right reason applied to action,"" just as science is ""right reason applied to knowledge ."" On speculative matters one may sin against rectitude of knowledge in two ways: in one way when the reason is led to a false conclusion that appears to be true']",reviewed_doctrinal,
edge.concept.prudence.treated_in.st.ii-ii.q056.a001,concept.prudence,Prudence,virtue,treated_in,st.ii-ii.q056.a001,II-II q.56 a.1 — The precepts of prudence,article,['ann.st-ii-ii-q056-a001-resp-concept-prudence-treated-in-st-ii-ii-q056-a001'],['st.ii-ii.q056.a001.resp'],['explicit_textual'],"['Now prudence is not about the end, but about the means, as stated above ( II-II:47:6 )']",reviewed_doctrinal,
edge.concept.prudence.treated_in.st.ii-ii.q056.a002,concept.prudence,Prudence,virtue,treated_in,st.ii-ii.q056.a002,II-II q.56 a.2 — The precepts relating to the opposite vices,article,['ann.st-ii-ii-q056-a002-resp-concept-prudence-treated-in-st-ii-ii-q056-a002'],['st.ii-ii.q056.a002.resp'],['strong_textual_inference'],"['As stated above ( Article 1 ), justice , above all, regards the aspect of something due, which is a necessary condition for a precept, because justice tends to render that which is due to another, as we shall state further on ( II-II:58:2 . Now craftiness, as']",reviewed_doctrinal,
edge.concept.prudence_of_flesh.caused_by.concept.covetousness,concept.prudence_of_flesh,Prudence of the Flesh,vice,caused_by,concept.covetousness,Covetousness,vice,['ann.st-ii-ii-q055-a008-resp-concept-prudence-of-flesh-caused-by-concept-covetousness'],['st.ii-ii.q055.a008.resp'],['explicit_textual'],['Therefore the aforesaid vices arise chiefly from covetousness .'],reviewed_doctrinal,
edge.concept.prudence_of_flesh.opposed_by.concept.prudence,concept.prudence_of_flesh,Prudence of the Flesh,vice,opposed_by,concept.prudence,Prudence,virtue,['ann.st-ii-ii-q055-a001-resp-concept-prudence-of-flesh-opposed-by-concept-prudence'],['st.ii-ii.q055.a001.resp'],['strong_textual_inference'],['Hence prudence of the flesh signifies properly the prudence of a man who looks upon carnal goods as the last end of his life'],reviewed_doctrinal,
edge.concept.prudence_of_flesh.treated_in.st.ii-ii.q055.a001,concept.prudence_of_flesh,Prudence of the Flesh,vice,treated_in,st.ii-ii.q055.a001,II-II q.55 a.1 — Is prudence of the flesh a sin?,article,['ann.st-ii-ii-q055-a001-resp-concept-prudence-of-flesh-treated-in-st-ii-ii-q055-a001'],['st.ii-ii.q055.a001.resp'],['explicit_textual'],['Hence prudence of the flesh signifies properly the prudence of a man who looks upon carnal goods as the last end of his life'],reviewed_doctrinal,
edge.concept.prudence_of_flesh.treated_in.st.ii-ii.q055.a002,concept.prudence_of_flesh,Prudence of the Flesh,vice,treated_in,st.ii-ii.q055.a002,II-II q.55 a.2 — Is it a mortal sin?,article,['ann.st-ii-ii-q055-a002-resp-concept-prudence-of-flesh-treated-in-st-ii-ii-q055-a002'],['st.ii-ii.q055.a002.resp'],['explicit_textual'],"['Accordingly if prudence of the flesh be taken as corresponding to prudence in its absolute signification, so that a man place the last end of his whole life in the care of the flesh, it is a mortal sin , because he turns away from God by so doing, since he cannot have several last ends, as stated above ( I-II:01:5 )']",reviewed_doctrinal,
edge.concept.prudence_of_flesh.treated_in.st.ii-ii.q055.a008,concept.prudence_of_flesh,Prudence of the Flesh,vice,treated_in,st.ii-ii.q055.a008,II-II q.55 a.8 — The origin of these vices,article,['ann.st-ii-ii-q055-a008-resp-concept-prudence-of-flesh-treated-in-st-ii-ii-q055-a008'],['st.ii-ii.q055.a008.resp'],['explicit_textual'],"['II-II:47:13 ), carnal prudence and craftiness, as well as guile and fraud , bear a certain resemblance to prudence in some kind of use of the reason']",reviewed_doctrinal,
edge.concept.reason_faculty.treated_in.st.ii-ii.q047.a001,concept.reason_faculty,Reason,faculty,treated_in,st.ii-ii.q047.a001,II-II q.47 a.1 — Is prudence in the will or in the reason?,article,['ann.st-ii-ii-q047-a001-resp-concept-reason-faculty-treated-in-st-ii-ii-q047-a001'],['st.ii-ii.q047.a001.resp'],['explicit_textual'],"['Wherefore it is manifest that prudence belongs directly to the cognitive, and not to the sensitive faculty, because by the latter we know nothing but what is within reach and offers itself to the senses: while to obtain knowledge of the future from knowledge of the present or past, which pertains to prudence , belongs properly to the reason, because this is done by a process of comparison']",reviewed_doctrinal,
edge.concept.reasoning.integral_part_of.concept.prudence,concept.reasoning,Reasoning,prudence_part,integral_part_of,concept.prudence,Prudence,virtue,['ann.st-ii-ii-q048-a001-resp-concept-reasoning-integral-part-of-concept-prudence'],['st.ii-ii.q048.a001.resp'],['explicit_textual'],"['vi, 11): ""Of such things one needs to have the sense, and this is understanding."" Of these eight, five belong to prudence as a cognitive virtue , namely, "" memory ,"" ""reasoning,"" ""understanding,"" ""docility"" and ""shrewdness"": while the three others belong thereto, as commanding and applying knowledge to action, namely, ""foresight,"" ""circumspection"" and ""caution."" The reason of their difference is seen from the fact that three things may be observed in reference to knowledge']",reviewed_doctrinal,integral
edge.concept.reasoning.treated_in.st.ii-ii.q048.a001,concept.reasoning,Reasoning,prudence_part,treated_in,st.ii-ii.q048.a001,"II-II q.48 a.1 — The three parts of prudence: integral, subjective, and potential",article,['ann.st-ii-ii-q048-a001-resp-concept-reasoning-treated-in-st-ii-ii-q048-a001'],['st.ii-ii.q048.a001.resp'],['explicit_textual'],"['vi, 11): ""Of such things one needs to have the sense, and this is understanding."" Of these eight, five belong to prudence as a cognitive virtue , namely, "" memory ,"" ""reasoning,"" ""understanding,"" ""docility"" and ""shrewdness"": while the three others belong thereto, as commanding and applying knowledge to action, namely, ""foresight,"" ""circumspection"" and ""caution."" The reason of their difference is seen from the fact that three things may be observed in reference to knowledge']",reviewed_doctrinal,
edge.concept.reasoning.treated_in.st.ii-ii.q049.a005,concept.reasoning,Reasoning,prudence_part,treated_in,st.ii-ii.q049.a005,II-II q.49 a.5 — Reason,article,['ann.st-ii-ii-q049-a005-resp-concept-reasoning-treated-in-st-ii-ii-q049-a005'],['st.ii-ii.q049.a005.resp'],['explicit_textual'],['But this is the work of reason'],reviewed_doctrinal,
edge.concept.regnative_prudence.subjective_part_of.concept.prudence,concept.regnative_prudence,Regnative Prudence,prudence_part,subjective_part_of,concept.prudence,Prudence,virtue,"['ann.st-ii-ii-q048-a001-resp-concept-regnative-prudence-subjective-part-of-concept-prudence', 'ann.st-ii-ii-q050-a001-resp-concept-regnative-prudence-subjective-part-of-concept-prudence']","['st.ii-ii.q048.a001.resp', 'st.ii-ii.q050.a001.resp']",['explicit_textual'],"['such is the multitude of a home or family , and this is ruled by ""domestic prudence "": and such again is the multitude of a city or kingdom, the ruling principle of which is ""regnative prudence "" in the ruler, and ""political prudence ,"" simply so called, in the subjects', 'Hence prudence in its special and most perfect sense, belongs to a king who is charged with the government of a city or kingdom: for which reason a species of prudence is reckoned to be regnative.']",reviewed_doctrinal,subjective
edge.concept.regnative_prudence.treated_in.st.ii-ii.q048.a001,concept.regnative_prudence,Regnative Prudence,prudence_part,treated_in,st.ii-ii.q048.a001,"II-II q.48 a.1 — The three parts of prudence: integral, subjective, and potential",article,['ann.st-ii-ii-q048-a001-resp-concept-regnative-prudence-treated-in-st-ii-ii-q048-a001'],['st.ii-ii.q048.a001.resp'],['explicit_textual'],"['such is the multitude of a home or family , and this is ruled by ""domestic prudence "": and such again is the multitude of a city or kingdom, the ruling principle of which is ""regnative prudence "" in the ruler, and ""political prudence ,"" simply so called, in the subjects']",reviewed_doctrinal,
edge.concept.regnative_prudence.treated_in.st.ii-ii.q050.a001,concept.regnative_prudence,Regnative Prudence,prudence_part,treated_in,st.ii-ii.q050.a001,II-II q.50 a.1 — Is a species of prudence regnative?,article,['ann.st-ii-ii-q050-a001-resp-concept-regnative-prudence-treated-in-st-ii-ii-q050-a001'],['st.ii-ii.q050.a001.resp'],['explicit_textual'],"['Hence prudence in its special and most perfect sense, belongs to a king who is charged with the government of a city or kingdom: for which reason a species of prudence is reckoned to be regnative.']",reviewed_doctrinal,
edge.concept.shrewdness.integral_part_of.concept.prudence,concept.shrewdness,Shrewdness,prudence_part,integral_part_of,concept.prudence,Prudence,virtue,['ann.st-ii-ii-q048-a001-resp-concept-shrewdness-integral-part-of-concept-prudence'],['st.ii-ii.q048.a001.resp'],['explicit_textual'],"['and eustochia or ""shrewdness"" mentioned by Aristotle']",reviewed_doctrinal,integral
edge.concept.shrewdness.treated_in.st.ii-ii.q048.a001,concept.shrewdness,Shrewdness,prudence_part,treated_in,st.ii-ii.q048.a001,"II-II q.48 a.1 — The three parts of prudence: integral, subjective, and potential",article,['ann.st-ii-ii-q048-a001-resp-concept-shrewdness-treated-in-st-ii-ii-q048-a001'],['st.ii-ii.q048.a001.resp'],['explicit_textual'],"['and eustochia or ""shrewdness"" mentioned by Aristotle']",reviewed_doctrinal,
edge.concept.shrewdness.treated_in.st.ii-ii.q049.a004,concept.shrewdness,Shrewdness,prudence_part,treated_in,st.ii-ii.q049.a004,II-II q.49 a.4 — Shrewdness,article,['ann.st-ii-ii-q049-a004-resp-concept-shrewdness-treated-in-st-ii-ii-q049-a004'],['st.ii-ii.q049.a004.resp'],['explicit_textual'],"['Now just as docility consists in a man being well disposed to acquire a right opinion from another man , so shrewdness is an apt disposition to acquire a right estimate by oneself, yet so that shrewdness be taken for eustochia , of which it is a part']",reviewed_doctrinal,
edge.concept.solicitude.treated_in.st.ii-ii.q047.a009,concept.solicitude,Solicitude,act,treated_in,st.ii-ii.q047.a009,II-II q.47 a.9 — Does solicitude or watchfulness belong to prudence?,article,['ann.st-ii-ii-q047-a009-resp-concept-solicitude-treated-in-st-ii-ii-q047-a009'],['st.ii-ii.q047.a009.resp'],['explicit_textual'],"['vi, 9) that ""one should be quick in carrying out the counsel taken, but slow in taking counsel."" Hence it is that solicitude belongs properly to prudence , and for this reason Augustine says (De Morib']",reviewed_doctrinal,
edge.concept.solicitude.treated_in.st.ii-ii.q054.a002,concept.solicitude,Solicitude,act,treated_in,st.ii-ii.q054.a002,II-II q.54 a.2 — To which virtue is it opposed?,article,['ann.st-ii-ii-q054-a002-resp-concept-solicitude-treated-in-st-ii-ii-q054-a002'],['st.ii-ii.q054.a002.resp'],['explicit_textual'],['Negligence is directly opposed to solicitude'],reviewed_doctrinal,
edge.concept.synesis.potential_part_of.concept.prudence,concept.synesis,Synesis,prudence_part,potential_part_of,concept.prudence,Prudence,virtue,['ann.st-ii-ii-q048-a001-resp-concept-synesis-potential-part-of-concept-prudence'],['st.ii-ii.q048.a001.resp'],['explicit_textual'],"['On this way the parts of prudence are "" good counsel,"" which concerns counsel, ""synesis,"" which concerns judgment in matters of ordinary occurrence, and ""gnome,"" which concerns judgment in matters of exception to the law : while "" prudence "" is about the chief act, viz']",reviewed_doctrinal,potential
edge.concept.synesis.treated_in.st.ii-ii.q048.a001,concept.synesis,Synesis,prudence_part,treated_in,st.ii-ii.q048.a001,"II-II q.48 a.1 — The three parts of prudence: integral, subjective, and potential",article,['ann.st-ii-ii-q048-a001-resp-concept-synesis-treated-in-st-ii-ii-q048-a001'],['st.ii-ii.q048.a001.resp'],['explicit_textual'],"['On this way the parts of prudence are "" good counsel,"" which concerns counsel, ""synesis,"" which concerns judgment in matters of ordinary occurrence, and ""gnome,"" which concerns judgment in matters of exception to the law : while "" prudence "" is about the chief act, viz']",reviewed_doctrinal,
edge.concept.synesis.treated_in.st.ii-ii.q051.a003,concept.synesis,Synesis,prudence_part,treated_in,st.ii-ii.q051.a003,II-II q.51 a.3 — Is synesis a special virtue?,article,['ann.st-ii-ii-q051-a003-resp-concept-synesis-treated-in-st-ii-ii-q051-a003'],['st.ii-ii.q051.a003.resp'],['explicit_textual'],"['synesis (judging well according to common law ) signifies a right judgment, not indeed about speculative matters, but about particular practical matters, about which also is prudence']",reviewed_doctrinal,
edge.concept.temporal_solicitude.contrary_to.concept.prudence,concept.temporal_solicitude,Solicitude about Temporal Things,defect,contrary_to,concept.prudence,Prudence,virtue,['ann.st-ii-ii-q055-a006-resp-concept-temporal-solicitude-contrary-to-concept-prudence'],['st.ii-ii.q055.a006.resp'],['strong_textual_inference'],['Accordingly solicitude about temporal things may be unlawful in three ways'],reviewed_doctrinal,
edge.concept.temporal_solicitude.treated_in.st.ii-ii.q055.a006,concept.temporal_solicitude,Solicitude about Temporal Things,defect,treated_in,st.ii-ii.q055.a006,II-II q.55 a.6 — Solicitude about temporal things,article,['ann.st-ii-ii-q055-a006-resp-concept-temporal-solicitude-treated-in-st-ii-ii-q055-a006'],['st.ii-ii.q055.a006.resp'],['explicit_textual'],['Accordingly solicitude about temporal things may be unlawful in three ways'],reviewed_doctrinal,
edge.concept.thoughtlessness.caused_by.concept.lust,concept.thoughtlessness,Thoughtlessness,defect,caused_by,concept.lust,Lust,vice,['ann.st-ii-ii-q053-a006-resp-concept-thoughtlessness-caused-by-concept-lust'],['st.ii-ii.q053.a006.resp'],['explicit_textual'],"['Wherefore, since the aforesaid vices involve a defect of prudence and of the practical reason, as stated above (Articles 2 and 5 ), it follows that they arise chiefly from lust .']",reviewed_doctrinal,
edge.concept.thoughtlessness.opposed_by.concept.prudence,concept.thoughtlessness,Thoughtlessness,defect,opposed_by,concept.prudence,Prudence,virtue,['ann.st-ii-ii-q053-a004-resp-concept-thoughtlessness-opposed-by-concept-prudence'],['st.ii-ii.q053.a004.resp'],['strong_textual_inference'],['It is therefore evident that thoughtlessness is a sin .'],reviewed_doctrinal,
edge.concept.thoughtlessness.treated_in.st.ii-ii.q053.a004,concept.thoughtlessness,Thoughtlessness,defect,treated_in,st.ii-ii.q053.a004,II-II q.53 a.4 — Thoughtlessness,article,['ann.st-ii-ii-q053-a004-resp-concept-thoughtlessness-treated-in-st-ii-ii-q053-a004'],['st.ii-ii.q053.a004.resp'],['explicit_textual'],"['and consequently the lack of right judgment belongs to the vice of thoughtlessness, in so far, to wit, as one fails to judge rightly through contempt or neglect of those things on which a right judgment depends']",reviewed_doctrinal,
